degree,alpha,rep,time,input_level,output_level,bootstrap_count,max_re,mre,max_ae_vs_plain
7,0.001,0,0.22233221679925919,12,8,0,47.812415262333495,21.63204705901023,0.6188094731769525
7,0.001,1,0.27140926476567984,12,8,0,47.8125804603131,21.632046951078564,0.49112961045466363
7,0.001,2,0.23976869601756334,12,8,0,47.81273464068825,21.632048175193706,0.2861080589937046
7,0.001,3,0.2119869953021407,12,8,0,47.813018372080215,21.63204665642951,0.4342297720722854
7,0.001,4,0.2645227713510394,12,8,0,47.8126292531668,21.632046114841213,0.4237615517922677
7,0.001,5,0.24078091513365507,12,8,0,47.81262536198142,21.632047091332836,0.4076786895166151
7,0.001,6,0.244485666975379,12,8,0,47.81315845870159,21.6320472396498,0.4504518791800365
7,0.001,7,0.24895095359534025,12,8,0,47.812422407557,21.63204646909682,0.7908011866966262
7,0.001,8,0.27102509792894125,12,8,0,47.81257815247021,21.632046949959822,0.42555859888670966
7,0.001,9,0.24349399842321873,12,8,0,47.81272860014008,21.632046586784575,0.40625905961496755
7,0.01,0,0.2768253767862916,12,8,0,0.15106128219351525,0.07402387307163713,0.00292985357782527
7,0.01,1,0.2538572270423174,12,8,0,0.15106130760454017,0.07402387100280561,0.003505176787257369
7,0.01,2,0.2753460006788373,12,8,0,0.15105980438241276,0.07402386958108273,0.0024698169827388483
7,0.01,3,0.24280494824051857,12,8,0,0.15106296870054148,0.07402387120064666,0.0028564883150465903
7,0.01,4,0.24261563457548618,12,8,0,0.15106101473691194,0.07402387029651217,0.003386272714124061
7,0.01,5,0.20609501283615828,12,8,0,0.15106125760585737,0.07402386784843776,0.002324666614185844
7,0.01,6,0.21288910042494535,12,8,0,0.15106260082700693,0.07402387305694005,0.0031938391753101314
7,0.01,7,0.20751796290278435,12,8,0,0.15106107494097995,0.074023873907929,0.0024953590536824777
7,0.01,8,0.21277144737541676,12,8,0,0.15106095501588454,0.07402387147832232,0.0025719230388858705
7,0.01,9,0.21144150011241436,12,8,0,0.15106267858095518,0.07402387348749215,0.003319979751267965
7,0.025,0,0.20881052780896425,12,8,0,0.010260669528740688,0.005234091934435924,0.0003560515100389239
7,0.025,1,0.21461171004921198,12,8,0,0.01026049585997337,0.00523409150163816,0.0003657795842855194
7,0.025,2,0.23050302546471357,12,8,0,0.01026044830036911,0.005234091886700723,0.0004410785279560514
7,0.025,3,0.21553227212280035,12,8,0,0.010260330165200431,0.005234092464024356,0.00041758772965749813
7,0.025,4,0.20730387140065432,12,8,0,0.010260262390500093,0.005234092281561712,0.0004568610324895417
7,0.025,5,0.20901359245181084,12,8,0,0.010260298286433201,0.005234092783263283,0.0004056337343172345
7,0.025,6,0.2110294857993722,12,8,0,0.010260329305499605,0.005234092750756109,0.00032383608356667537
7,0.025,7,0.24873574543744326,12,8,0,0.010260358421732185,0.005234092970255672,0.00034883505941252224
7,0.025,8,0.20951676554977894,12,8,0,0.010260569733533979,0.0052340918382673286,0.0003368297733459258
7,0.025,9,0.2945792591199279,12,8,0,0.010260504004998373,0.0052340918143726255,0.000355044473280941
7,0.05,0,0.20907234493643045,12,8,0,0.0010112868995127082,0.0005341725072995592,5.653571609798291e-05
7,0.05,1,0.23162266612052917,12,8,0,0.0010113104647744206,0.0005341723842490783,6.653382132526531e-05
7,0.05,2,0.21358966175466776,12,8,0,0.0010113693567380586,0.0005341730892714856,7.137798215239854e-05
7,0.05,3,0.2160704480484128,12,8,0,0.001011242518284765,0.0005341726868180691,6.604315149161266e-05
7,0.05,4,0.2170746335759759,12,8,0,0.0010113131988150695,0.0005341716812437367,7.319181963794108e-05
7,0.05,5,0.2110662842169404,12,8,0,0.001011351899559715,0.0005341721601866565,6.555326984880594e-05
7,0.05,6,0.21085976716130972,12,8,0,0.0010114011305401892,0.0005341724811421482,6.327163906405531e-05
7,0.05,7,0.2278524972498417,12,8,0,0.0010113596616128707,0.0005341722166430465,5.8656671740209276e-05
7,0.05,8,0.21013646200299263,12,8,0,0.0010113766826279147,0.0005341730663354582,7.10025464343289e-05
7,0.05,9,0.21051590517163277,12,8,0,0.001011301041408359,0.0005341724352089137,6.184630963446125e-05
7,0.1,0,0.21583934593945742,12,8,0,6.711209083921941e-05,3.6776547284047496e-05,1.5596974705545108e-05
7,0.1,1,0.21466696541756392,12,8,0,6.703184235965284e-05,3.677690213996964e-05,1.2221952580659945e-05
7,0.1,2,0.21198607981204987,12,8,0,6.704216855031219e-05,3.6776913885821004e-05,1.0564083602560004e-05
7,0.1,3,0.2103562979027629,12,8,0,6.702679971660147e-05,3.6776934665450886e-05,1.3992955242514427e-05
7,0.1,4,0.21045636013150215,12,8,0,6.704605190323164e-05,3.677698129366867e-05,2.2854110049763676e-05
7,0.1,5,0.20888605806976557,12,8,0,6.708390413163258e-05,3.6776841033903865e-05,1.6089766454285837e-05
7,0.1,6,0.21296777483075857,12,8,0,6.706149081288246e-05,3.677684169672965e-05,1.339761494278946e-05
7,0.1,7,0.20901861879974604,12,8,0,6.711047683909262e-05,3.6776840866373155e-05,1.2647709553448294e-05
7,0.1,8,0.20755849312990904,12,8,0,6.705162047414145e-05,3.677694325435339e-05,1.0376287754354507e-05
7,0.1,9,0.2130068326368928,12,8,0,6.706444919188717e-05,3.677682415142838e-05,1.1831418991192777e-05
15,0.001,0,0.3873809343203902,12,7,0,0.0009461544504138714,0.00039520289572608693,0.6203597892890684
15,0.001,1,0.3581880610436201,12,7,0,0.0009477985069268566,0.0003952172259700238,0.41833339439472184
15,0.001,2,0.3642905727028847,12,7,0,0.0009444329285680329,0.00039523325239314543,0.44486382621107623
15,0.001,3,0.34026164282113314,12,7,0,0.0009481300506858892,0.000395242341855689,0.32394557405496016
15,0.001,4,0.33021054323762655,12,7,0,0.0009404714948952538,0.0003952050271317716,0.3594650264130905
15,0.001,5,0.32505481876432896,12,7,0,0.0009418640757934884,0.0003952282683419328,0.5907138151815161
15,0.001,6,0.3168279277160764,12,7,0,0.0009406998104117154,0.00039520809687862614,0.5044656625541393
15,0.001,7,0.3231212291866541,12,7,0,0.0009424039404591538,0.0003952249630350617,0.36807198903989047
15,0.001,8,0.3293704725801945,12,7,0,0.000939279391031726,0.00039519838937880555,0.3743242174969055
15,0.001,9,0.31944514997303486,12,7,0,0.0009405859514732409,0.0003952222157456341,0.32949887408176437
15,0.01,0,0.318347891792655,12,7,0,1.0606114860440883e-06,1.0787260843581352e-07,0.003144847523799399
15,0.01,1,0.35544050950556993,12,7,0,1.0003119508985168e-06,1.0724643595409338e-07,0.0024271775341730972
15,0.01,2,0.3138814754784107,12,7,0,1.083552260069186e-06,1.0814224281279137e-07,0.003282708155893488
15,0.01,3,0.31440709717571735,12,7,0,1.3666556479062434e-06,1.0776984917600363e-07,0.0049907950274246105
15,0.01,4,0.3142494196072221,12,7,0,1.0098800670467904e-06,1.0776452169931671e-07,0.003253774688801059
15,0.01,5,0.33563290163874626,12,7,0,1.260462370568232e-06,1.082038152418659e-07,0.0026896704657701775
15,0.01,6,0.32427705358713865,12,7,0,1.0277267488204615e-06,1.0760243801205057e-07,0.002261729850033589
15,0.01,7,0.3181157624348998,12,7,0,9.461553163782183e-07,1.079666110474762e-07,0.0033696095415507443
15,0.01,8,0.399469424970448,12,7,0,1.1725358912076695e-06,1.0790809659739194e-07,0.004622654318154673
15,0.01,9,0.33958784211426973,12,7,0,1.1420794102746234e-06,1.0823824987450868e-07,0.0029538034455072193
15,0.025,0,0.340802283026278,12,7,0,8.113449741238578e-07,5.997370111972508e-08,0.00041741113545867847
15,0.025,1,0.31432993430644274,12,7,0,7.079525357439262e-07,6.0894886092678e-08,0.0002536415969416339
15,0.025,2,0.32041236758232117,12,7,0,8.659060017437537e-07,6.026048088916237e-08,0.0004112925644221832
15,0.025,3,0.31584163196384907,12,7,0,8.440994290245155e-07,6.06955174077881e-08,0.00042673315647334675
15,0.025,4,0.3116760207340121,12,7,0,8.323688948328251e-07,6.068407721668057e-08,0.00033229211021534866
15,0.025,5,0.3525403290987015,12,7,0,7.33723688927435e-07,6.036660501358913e-08,0.0003697446040860086
15,0.025,6,0.3237925320863724,12,7,0,1.0950895049855664e-06,6.067019316771709e-08,0.0005715670715744636
15,0.025,7,0.3418970014899969,12,7,0,8.146071090044959e-07,6.055081560159913e-08,0.0003066745071578225
15,0.025,8,0.32016479317098856,12,7,0,6.776846539085613e-07,6.020030699155824e-08,0.00031341101646376046
15,0.025,9,0.32336912862956524,12,7,0,9.097384886765843e-07,6.045489862501874e-08,0.000296280843031127
15,0.05,0,0.358704867772758,12,7,0,5.293993826438027e-07,4.735591472345536e-08,7.353337440463292e-05
15,0.05,1,0.33082218561321497,12,7,0,8.235507880978134e-07,4.723521377949461e-08,6.816998552494624e-05
15,0.05,2,0.3283007610589266,12,7,0,8.319577373517448e-07,4.744180829888817e-08,7.156961103760295e-05
15,0.05,3,0.32308928202837706,12,7,0,7.376446852853787e-07,4.733094298368467e-08,7.807582190366702e-05
15,0.05,4,0.30920431204140186,12,7,0,6.314111280081446e-07,4.69328270872014e-08,8.910510942428118e-05
15,0.05,5,0.3169175423681736,12,7,0,9.398392397563358e-07,4.7306160320435725e-08,5.997491464881932e-05
15,0.05,6,0.3162113670259714,12,7,0,6.037594326197298e-07,4.7545828514995905e-08,8.674651718365567e-05
15,0.05,7,0.3260235534980893,12,7,0,6.030013676818062e-07,4.723397716136172e-08,6.687076279376925e-05
15,0.05,8,0.40412516705691814,12,7,0,5.249636835804715e-07,4.7076338362095004e-08,6.204855833402689e-05
15,0.05,9,0.3246194142848253,12,7,0,6.988756539031511e-07,4.755680420950142e-08,6.436186450287096e-05
15,0.1,0,0.314930765889585,12,7,0,3.856317293232313e-07,3.526003429274196e-08,1.325755197711942e-05
15,0.1,1,0.3175218626856804,12,7,0,4.2958036002212465e-07,3.5548122569062325e-08,1.48633183698621e-05
15,0.1,2,0.3039637003093958,12,7,0,5.487328073772715e-07,3.517267370592437e-08,1.2074257007554934e-05
15,0.1,3,0.31579945515841246,12,7,0,4.5271434907907167e-07,3.5489254531932756e-08,1.0938974526197853e-05
15,0.1,4,0.30210595205426216,12,7,0,4.758590064005338e-07,3.53912756987441e-08,1.7528656705678713e-05
15,0.1,5,0.3071391899138689,12,7,0,4.3776538599140656e-07,3.5390039910565114e-08,1.7287276421029674e-05
15,0.1,6,0.3263718169182539,12,7,0,5.346652438655289e-07,3.5301461434048783e-08,1.6399267899203096e-05
15,0.1,7,0.3215512251481414,12,7,0,3.891784946067224e-07,3.5566731293134175e-08,1.5260398775751582e-05
15,0.1,8,0.30904310941696167,12,7,0,4.081169157991754e-07,3.551833256494685e-08,1.2156575849076035e-05
15,0.1,9,0.30790060851722956,12,7,0,6.007658719920409e-07,3.5201870929824957e-08,1.5982191442276417e-05
31,0.001,0,0.6027489891275764,12,6,0,2.947513176716785e-05,1.7383468623519374e-06,0.8143554371781647
31,0.001,1,0.5702400505542755,12,6,0,2.7330629540950394e-05,1.7396801698736588e-06,0.5443636900745332
31,0.001,2,0.5873877359554172,12,6,0,3.0108170084746458e-05,1.7501979131051095e-06,0.3399409967241809
31,0.001,3,0.5669137621298432,12,6,0,2.7295481622079544e-05,1.7212148025928121e-06,0.27898686728440225
31,0.001,4,0.6864563291892409,12,6,0,2.248031405536867e-05,1.7166798804242088e-06,0.29657602473162115
31,0.001,5,0.6984098702669144,12,6,0,2.4238649330139446e-05,1.7353800465354656e-06,0.4767012110678479
31,0.001,6,0.673452296294272,12,6,0,2.316195825010415e-05,1.7380800852630173e-06,0.3486450032214634
31,0.001,7,0.6967835752293468,12,6,0,2.1036356572995516e-05,1.742552820078044e-06,0.33693095756461844
31,0.001,8,0.6861218940466642,12,6,0,2.668728727974034e-05,1.74578952271768e-06,0.3817410122137517
31,0.001,9,0.7303133336827159,12,6,0,2.5912690010519522e-05,1.7375854482080193e-06,0.3834100438398309
31,0.01,0,0.6854676604270935,12,6,0,9.690409725950412e-07,8.52095020770954e-08,0.002675536544302304
31,0.01,1,0.7181293927133083,12,6,0,1.2830074825391893e-06,8.529341378870627e-08,0.002417896063889202
31,0.01,2,0.6401713648810983,12,6,0,9.387580426099966e-07,8.525906544693853e-08,0.002910468329446303
31,0.01,3,0.6513834595680237,12,6,0,1.1298076674810918e-06,8.464373834773273e-08,0.00279287109424331
31,0.01,4,0.6928566610440612,12,6,0,1.2644116829986459e-06,8.47143774878023e-08,0.0021553905644395854
31,0.01,5,0.6680237390100956,12,6,0,1.27393949277649e-06,8.519134666502123e-08,0.003006205648489413
31,0.01,6,0.6854520356282592,12,6,0,1.1897694103918269e-06,8.508653634479762e-08,0.002588013246167975
31,0.01,7,0.6915785633027554,12,6,0,1.1346994274528728e-06,8.48198028024066e-08,0.004098349596461048
31,0.01,8,0.7048427518457174,12,6,0,1.2020008655697368e-06,8.545490717213644e-08,0.003520138165640674
31,0.01,9,0.6793823568150401,12,6,0,1.3010689457955488e-06,8.501936338219622e-08,0.0024702403370611137
31,0.025,0,0.6835441468283534,12,6,0,7.446649373489015e-07,6.019792256964162e-08,0.0004113303567692128
31,0.025,1,0.6822745958343148,12,6,0,7.858991499627647e-07,6.035854874781619e-08,0.00037206276692813844
31,0.025,2,0.6013729134574533,12,6,0,1.0059768920767732e-06,6.032586424791674e-08,0.0003188056205090106
31,0.025,3,0.5761394146829844,12,6,0,7.520393502221826e-07,6.086351974506943e-08,0.0003303679641248891
31,0.025,4,0.5659930519759655,12,6,0,7.441347187452491e-07,6.076101078405244e-08,0.000325597541177558
31,0.025,5,0.5700043383985758,12,6,0,7.480515834889495e-07,6.056829001911513e-08,0.0003008628401630631
31,0.025,6,0.5807017544284463,12,6,0,6.957224916870199e-07,6.02888262102459e-08,0.00037650382046194864
31,0.025,7,0.7565082060173154,12,6,0,8.147464982349246e-07,6.021023250788206e-08,0.0003634856235521511
31,0.025,8,0.7150495760142803,12,6,0,8.315403590706811e-07,6.025935023618126e-08,0.0003083593244355143
31,0.025,9,0.6889561545103788,12,6,0,9.459275541754448e-07,6.065105777766305e-08,0.0003120549811228557
31,0.05,0,0.5217657787725329,12,6,0,7.855480415142562e-07,4.7427786974272275e-08,0.00010453537672105995
31,0.05,1,0.4832327924668789,12,6,0,6.686550923930743e-07,4.749548508249589e-08,7.123109398321503e-05
31,0.05,2,0.4697661316022277,12,6,0,6.431811672022315e-07,4.715337849187779e-08,7.090398753462068e-05
31,0.05,3,0.4668451929464936,12,6,0,7.141873520355136e-07,4.7098110205277374e-08,0.00010278338842795165
31,0.05,4,0.46680382918566465,12,6,0,6.689767633026724e-07,4.7275208602812866e-08,7.327733067086228e-05
31,0.05,5,0.4771239086985588,12,6,0,8.403400119539316e-07,4.727194316152502e-08,7.382425661717207e-05
31,0.05,6,0.45682176016271114,12,6,0,5.934134225575219e-07,4.734351131249788e-08,7.434738921574535e-05
31,0.05,7,0.44510746374726295,12,6,0,8.054164213019727e-07,4.7626939689824463e-08,0.00010864103455787699
31,0.05,8,0.5688523203134537,12,6,0,5.837989736163971e-07,4.734456635844143e-08,7.87475336778698e-05
31,0.05,9,0.5703068329021335,12,6,0,6.128466476774717e-07,4.713104132995965e-08,7.679359842427402e-05
31,0.1,0,0.5311942975968122,12,6,0,4.49060015053859e-07,3.521792437315765e-08,1.014303940749528e-05
31,0.1,1,0.5066196927800775,12,6,0,5.920129561476643e-07,3.563577339573939e-08,2.2331370033157327e-05
31,0.1,2,0.535524133592844,12,6,0,5.159314515708345e-07,3.560208306967338e-08,1.558435365112132e-05
31,0.1,3,0.5288219610229135,12,6,0,4.4254890884652844e-07,3.5393546327650926e-08,1.031915910942871e-05
31,0.1,4,0.541907200589776,12,6,0,5.012012205737726e-07,3.529071243125177e-08,1.0325670530164643e-05
31,0.1,5,0.5277704000473022,12,6,0,4.4550503616975246e-07,3.5345668052509397e-08,1.536841347160589e-05
31,0.1,6,0.5213712202385068,12,6,0,4.3910198794119804e-07,3.5375239524807497e-08,1.576390210544787e-05
31,0.1,7,0.5332375010475516,12,6,0,4.2296866758956555e-07,3.54130126645243e-08,1.1779834075298368e-05
31,0.1,8,0.5270694047212601,12,6,0,4.93721226724348e-07,3.547424245570688e-08,1.814483749029705e-05
31,0.1,9,0.49974617548286915,12,6,0,5.496130040409642e-07,3.53933477886855e-08,1.689548091121651e-05
63,0.001,0,1.2729430859908462,12,5,0,2.4182718147322537e-05,1.7406256234020063e-06,0.4251455867779441
63,0.001,1,1.1545435581356287,12,5,0,2.248366486029565e-05,1.7360501615130124e-06,0.3460198632092215
63,0.001,2,1.1938392231240869,12,5,0,2.2157096947065398e-05,1.7346822471516546e-06,0.45108124311082065
63,0.001,3,1.1739370077848434,12,5,0,2.2569627925780074e-05,1.7432288429117212e-06,0.5176933006150648
63,0.001,4,1.1840600790455937,12,5,0,2.053299483069065e-05,1.7443798417389712e-06,0.34041276073548943
63,0.001,5,1.2094397842884064,12,5,0,2.5115421285757838e-05,1.7558778135760018e-06,0.493413494550623
63,0.001,6,1.1859756680205464,12,5,0,2.5993058736126345e-05,1.722053410708781e-06,0.3411733395769261
63,0.001,7,1.1998989963904023,12,5,0,2.284936236874583e-05,1.741771377375942e-06,0.34259791451040655
63,0.001,8,1.1904638912528753,12,5,0,2.3814380308577093e-05,1.7420186332732746e-06,0.5113969889935106
63,0.001,9,1.2135764118283987,12,5,0,2.609416248588609e-05,1.7505889191334508e-06,0.4429306662059389
63,0.01,0,1.199334786273539,12,5,0,1.3130126856343668e-06,8.49725679319305e-08,0.004462554792553419
63,0.01,1,1.2130882451310754,12,5,0,1.2829004564411132e-06,8.461538959228353e-08,0.005085607012460969
63,0.01,2,1.1863095434382558,12,5,0,1.0294863277446842e-06,8.423056513669357e-08,0.002021158548814128
63,0.01,3,1.2013840693980455,12,5,0,1.1214043494731458e-06,8.470201116025376e-08,0.0031649587408537627
63,0.01,4,1.2146457713097334,12,5,0,1.0606869754197878e-06,8.485992193970077e-08,0.003906278749127523
63,0.01,5,1.1935050003230572,12,5,0,1.1972132471877237e-06,8.417449763377792e-08,0.003551894618794904
63,0.01,6,1.2264843918383121,12,5,0,1.0578539498337225e-06,8.481443846638845e-08,0.001972401048988104
63,0.01,7,1.2087134635075927,12,5,0,1.2489536345969827e-06,8.492322458262816e-08,0.0019220424296690908
63,0.01,8,1.170542124658823,12,5,0,1.1377505433211504e-06,8.494198886425145e-08,0.00299360529788828
63,0.01,9,1.2024879232048988,12,5,0,1.3183015798450412e-06,8.508089455152767e-08,0.0022962888760957867
63,0.025,0,1.151664567179978,12,5,0,8.50208397159985e-07,5.962813427009069e-08,0.00033034700936696026
63,0.025,1,1.1780725000426173,12,5,0,1.093520066681461e-06,6.017075124169213e-08,0.0002655757074307985
63,0.025,2,1.1698967181146145,12,5,0,7.450303435088397e-07,6.00738615772194e-08,0.00040321851292901556
63,0.025,3,1.1785276625305414,12,5,0,8.41086122418357e-07,6.039913318436449e-08,0.00029080757963129145
63,0.025,4,1.1549899950623512,12,5,0,7.268158704903897e-07,6.068264929361445e-08,0.0003713702963068499
63,0.025,5,1.1436866130679846,12,5,0,7.8034342818911e-07,6.067239380453336e-08,0.000446952550532842
63,0.025,6,1.1890696920454502,12,5,0,6.93382474993659e-07,6.016975725895213e-08,0.00031980878077320085
63,0.025,7,1.173275618813932,12,5,0,7.06299703319861e-07,6.041579805468243e-08,0.00036337811889097793
63,0.025,8,1.147771586664021,12,5,0,7.241713789216556e-07,6.030990584747008e-08,0.0003971951996390999
63,0.025,9,1.222204053774476,12,5,0,7.908855823077386e-07,6.019713519497571e-08,0.0002714241085186586
63,0.05,0,0.7601631432771683,12,5,0,6.488082360336857e-07,4.7529356494086695e-08,7.271532345498599e-05
63,0.05,1,0.7538364930078387,12,5,0,8.181457767398566e-07,4.737046251560873e-08,0.00012243415361012921
63,0.05,2,0.7450287733227015,12,5,0,5.238522786048416e-07,4.742652832744548e-08,6.298184254660555e-05
63,0.05,3,0.7847196320071816,12,5,0,5.215750027601846e-07,4.736433860733774e-08,6.368448427451767e-05
63,0.05,4,0.7570901541039348,12,5,0,6.704871997731005e-07,4.748072672493173e-08,7.824861108929326e-05
63,0.05,5,0.7678035395219922,12,5,0,5.651023529753915e-07,4.7412110629127465e-08,7.269883153071532e-05
63,0.05,6,0.7559794457629323,12,5,0,6.348028379681182e-07,4.744103089590967e-08,6.984635126627836e-05
63,0.05,7,0.7705245148390532,12,5,0,6.277266398551058e-07,4.743992644945417e-08,6.816157281264168e-05
63,0.05,8,0.7679306706413627,12,5,0,5.971019674844334e-07,4.726884771677541e-08,5.959149888212778e-05
63,0.05,9,0.754121801815927,12,5,0,8.06479551579826e-07,4.751626613680058e-08,8.826542807582882e-05
63,0.1,0,0.6772605516016483,12,5,0,4.1211079359249263e-07,3.528176323064602e-08,1.5934046516008493e-05
63,0.1,1,0.633599971421063,12,5,0,3.530546212839833e-07,3.530764217137511e-08,1.1227643099687157e-05
63,0.1,2,0.6638198886066675,12,5,0,4.304185450736773e-07,3.5436221774340733e-08,1.1857285159067033e-05
63,0.1,3,0.7116143899038434,12,5,0,5.080151313875268e-07,3.5430251291053e-08,1.1166235672988023e-05
63,0.1,4,0.6643739249557257,12,5,0,4.4856118131149344e-07,3.530586746531938e-08,1.1457786861512886e-05
63,0.1,5,0.6560347387567163,12,5,0,4.0999560541214806e-07,3.55085202839041e-08,1.382354901124927e-05
63,0.1,6,0.6595808546990156,12,5,0,5.544536911112962e-07,3.562414600128053e-08,1.5961538345266035e-05
63,0.1,7,0.6727156490087509,12,5,0,4.5473031043853284e-07,3.542984978694514e-08,1.5905625389223133e-05
63,0.1,8,0.6498619979247451,12,5,0,4.3993967400020555e-07,3.5438890383301006e-08,1.7332399124825315e-05
63,0.1,9,0.6511792642995715,12,5,0,4.788033531792799e-07,3.507481797103658e-08,1.729240320713643e-05
127,0.001,0,2.290218441747129,12,4,0,2.410766876383303e-05,1.7478404402898138e-06,0.5095267107244581
127,0.001,1,2.028642326593399,12,4,0,2.7617028941964886e-05,1.7336643216412703e-06,0.3150218219961971
127,0.001,2,2.09746484644711,12,4,0,2.448657415077274e-05,1.76636648558343e-06,0.45615848421584815
127,0.001,3,2.066298340447247,12,4,0,2.1838285741320623e-05,1.75533316245776e-06,0.48914586508180946
127,0.001,4,2.0960198808461428,12,4,0,2.604954911741715e-05,1.7597587314371744e-06,0.35306667897384614
127,0.001,5,2.0668082060292363,12,4,0,3.003858773893206e-05,1.7448758087244797e-06,0.36655552277807146
127,0.001,6,2.1209939820691943,12,4,0,2.7807317904694655e-05,1.754894965948412e-06,0.3707934961421415
127,0.001,7,2.1313224751502275,12,4,0,2.152729152083143e-05,1.749320556917052e-06,0.589687589177629
127,0.001,8,2.06630405690521,12,4,0,2.4495203141847658e-05,1.7316372744725567e-06,0.3847894505597651
127,0.001,9,2.093112920410931,12,4,0,3.0180419873214734e-05,1.7568660866830072e-06,0.3729261796688661
127,0.01,0,2.0565548380836844,12,4,0,9.446398991922034e-07,8.508619661834741e-08,0.0028891116048725962
127,0.01,1,2.0548749761655927,12,4,0,1.2291436330632204e-06,8.492503670782652e-08,0.002881478344079369
127,0.01,2,2.0150619819760323,12,4,0,1.0020681038595762e-06,8.512032567825497e-08,0.0028656586473516654
127,0.01,3,2.049775155261159,12,4,0,1.0729536452987174e-06,8.488514810528224e-08,0.003379510822469456
127,0.01,4,2.0330647425726056,12,4,0,1.0853835826441224e-06,8.469830686829724e-08,0.0025478036309323215
127,0.01,5,2.07263792026788,12,4,0,1.083486369892125e-06,8.502897742452004e-08,0.0030382547547560534
127,0.01,6,2.0172106456011534,12,4,0,9.043955910420849e-07,8.460581868867103e-08,0.002674909968391148
127,0.01,7,2.0258389580994844,12,4,0,1.1010849073614814e-06,8.471163831296244e-08,0.002500736273759685
127,0.01,8,2.078911053016782,12,4,0,1.3603459110507467e-06,8.478465736994098e-08,0.0023722576920590654
127,0.01,9,2.0580691834911704,12,4,0,1.1472587386851705e-06,8.550173150055213e-08,0.002692707441838138
127,0.025,0,2.0008837459608912,12,4,0,7.951779132154729e-07,6.035982097733669e-08,0.0003192206557400823
127,0.025,1,2.043323427438736,12,4,0,9.458164559359375e-07,6.058908832541209e-08,0.0006024662445724971
127,0.025,2,1.9814903838559985,12,4,0,7.045423025968757e-07,6.002647734187334e-08,0.00031226157511810015
127,0.025,3,2.043847075663507,12,4,0,7.558062760096506e-07,6.101088548524222e-08,0.00036511565201635676
127,0.025,4,2.038495099171996,12,4,0,7.079117230151983e-07,6.006330136192204e-08,0.0003598736138883396
127,0.025,5,2.0586844626814127,12,4,0,7.259757163697964e-07,6.037583411643192e-08,0.0003554856391474459
127,0.025,6,2.112111499533057,12,4,0,7.527301401404594e-07,6.05061328021205e-08,0.0003098920892625756
127,0.025,7,2.044665048830211,12,4,0,8.994135116461589e-07,6.05294503173719e-08,0.0003009462566296861
127,0.025,8,1.993752903304994,12,4,0,8.228964600090263e-07,6.00114115760256e-08,0.0003883658009726787
127,0.025,9,2.0094437189400196,12,4,0,8.558130053772213e-07,6.004313930574084e-08,0.0004398477603899664
127,0.05,0,0.8754168953746557,12,4,0,5.609849621527155e-07,4.7168088463324326e-08,5.696633354546066e-05
127,0.05,1,0.8974457634612918,12,4,0,6.394112390689098e-07,4.727854508102864e-08,6.370152505041915e-05
127,0.05,2,0.9387562442570925,12,4,0,5.391077786575881e-07,4.713132431713276e-08,5.720107026263577e-05
127,0.05,3,0.8727623671293259,12,4,0,5.540839264265945e-07,4.76382677552302e-08,7.512867475156781e-05
127,0.05,4,0.914140896871686,12,4,0,6.424248380903375e-07,4.7278108045268646e-08,6.417146778403549e-05
127,0.05,5,0.8684323783963919,12,4,0,7.043421339241138e-07,4.70048482607577e-08,0.00010471962661995349
127,0.05,6,0.8835561238229275,12,4,0,6.333882278172302e-07,4.708556907351775e-08,8.646634117326357e-05
127,0.05,7,0.8891274910420179,12,4,0,6.0599306265617e-07,4.731179950894075e-08,6.577274876917727e-05
127,0.05,8,0.870440430007875,12,4,0,6.668628011139764e-07,4.7464710732327576e-08,9.694620726463654e-05
127,0.05,9,0.8913131831213832,12,4,0,4.86285226626606e-07,4.699254769971945e-08,7.228169704376342e-05
127,0.1,0,0.8731187684461474,12,4,0,4.466426525404052e-07,3.525584897655016e-08,1.5640838967101445e-05
127,0.1,1,0.8575423285365105,12,4,0,4.3424258386078336e-07,3.548226271862731e-08,1.1390150028489643e-05
127,0.1,2,0.8975176746025681,12,4,0,4.539341264451807e-07,3.512924729540374e-08,9.599197841936302e-06
127,0.1,3,0.8509525004774332,12,4,0,4.908802508607488e-07,3.5330146689795746e-08,1.7728349028800494e-05
127,0.1,4,0.8636958906427026,12,4,0,4.3625763442216986e-07,3.505935155444185e-08,1.0103504635594618e-05
127,0.1,5,0.8708600262179971,12,4,0,4.269889914130132e-07,3.5072098328478864e-08,9.367944926452765e-06
127,0.1,6,0.8802257869392633,12,4,0,4.926042984201624e-07,3.533541405535875e-08,1.0521544766106672e-05
127,0.1,7,0.8621330196037889,12,4,0,4.460397398562224e-07,3.549618097678832e-08,1.0599920791776185e-05
127,0.1,8,0.873161718249321,12,4,0,4.0516037950536824e-07,3.5325272627729607e-08,1.0468218992087941e-05
127,0.1,9,0.8726572087034583,12,4,0,4.1616870230571886e-07,3.5420368866520416e-08,1.0821904361080215e-05
