method,domain,target,degree,alpha,levels,max_ae,max_re,mre
lookup_table,"df in [1, 2000]",t,,0.01,,53.72646785651681,5.410371517380304,0.220254561081881
lookup_table,"df in [2, 2000]",t,,0.01,,4.082300991877112,0.6987199828115942,0.032911287101012036
lookup_table,"insurance_charges_smoker: df in [273, 1336]",t,,0.01,,0.036665054693463706,0.014207098002991567,0.009776592767442879
lookup_table,"adult_edu_income: df in [1023, 2046]",t,,0.01,,0.0025202779155542032,0.0009775208553018991,0.0005727509434653253
lookup_table,"adult_age_gender: df in [1023, 2046]",t,,0.01,,0.0025202779155542032,0.0009775208553018991,0.0005727509434653253
invdf,"1/df in [1/2000, 1]",t,7,0.01,4,0.0008227833024605502,0.00019712689751256006,0.00011218604659622293
invdf_extrapolation,"df in (2000, 4096]",t,7,0.01,4,0.0005249374982656541,0.0002036986243124696,0.00020079755344186353
df_global,"df in [1, 2000]",t,7,0.01,4,60.75279970510404,0.9543812421949178,0.14813912960718328
df_group_aware,"insurance_charges_smoker: df in [273, 1336]",t,7,0.01,4,1.527040778404043e-05,5.886914554640388e-06,1.8055031079194393e-06
df_group_aware,"adult_edu_income: df in [1023, 2046]",t,7,0.01,4,7.302594973168652e-09,2.829757081805413e-09,1.2869292723792385e-09
df_group_aware,"adult_age_gender: df in [1023, 2046]",t,7,0.01,4,7.302594973168652e-09,2.829757081805413e-09,1.2869292723792385e-09
invdf,"1/df in [1/2000, 1]",t,15,0.01,5,1.448359796540899e-07,3.603693580307088e-09,2.5392168939374896e-10
invdf_extrapolation,"df in (2000, 4096]",t,15,0.01,5,5.247540180164378e-10,2.0362742598033037e-10,1.928887527217145e-10
df_global,"df in [1, 2000]",t,15,0.01,5,59.61946121594465,0.9365773385005771,0.1247225791342556
df_group_aware,"insurance_charges_smoker: df in [273, 1336]",t,15,0.01,5,6.430671106727459e-09,2.4790962932806943e-09,7.640180949582702e-10
df_group_aware,"adult_edu_income: df in [1023, 2046]",t,15,0.01,5,5.3290705182007514e-14,2.0650159421036193e-14,4.784924407383848e-15
df_group_aware,"adult_age_gender: df in [1023, 2046]",t,15,0.01,5,5.3290705182007514e-14,2.0650159421036193e-14,4.784924407383848e-15
invdf,"1/df in [1/2000, 1]",t,31,0.01,6,1.855748550383396e-07,4.958030894462789e-09,6.842536683358118e-10
invdf_extrapolation,"df in (2000, 4096]",t,31,0.01,6,1.8539068058487373e-09,7.193966276034672e-10,5.956803340828939e-10
df_global,"df in [1, 2000]",t,31,0.01,6,53.69859477852284,0.843564935897803,0.12406868215936268
df_group_aware,"insurance_charges_smoker: df in [273, 1336]",t,31,0.01,6,1.5276668818842154e-13,5.922304352284807e-14,6.74294551802782e-15
df_group_aware,"adult_edu_income: df in [1023, 2046]",t,31,0.01,6,1.5232259897857148e-13,5.908019759106564e-14,6.1928197682309435e-15
df_group_aware,"adult_age_gender: df in [1023, 2046]",t,31,0.01,6,1.5232259897857148e-13,5.908019759106564e-14,6.1928197682309435e-15
invdf,"1/df in [1/2000, 1]",t,63,0.01,7,1.293093134790979e-07,4.315134893664584e-09,2.2533685486266209e-10
invdf_extrapolation,"df in (2000, 4096]",t,63,0.01,7,8.778990867597258e-10,3.406631015100983e-10,2.135024829274649e-10
df_global,"df in [1, 2000]",t,63,0.01,7,32.09110357595838,0.6566120112751869,0.1092454869037996
df_group_aware,"insurance_charges_smoker: df in [273, 1336]",t,63,0.01,7,7.620570841027074e-13,2.945657775220728e-13,1.6982829119768595e-14
df_group_aware,"adult_edu_income: df in [1023, 2046]",t,63,0.01,7,7.598366380534571e-13,2.947120060592225e-13,1.5878395962727514e-14
df_group_aware,"adult_age_gender: df in [1023, 2046]",t,63,0.01,7,7.598366380534571e-13,2.947120060592225e-13,1.5878395962727514e-14
invdf,"1/df in [1/2000, 1]",t,127,0.01,8,1.1495635732217124e-07,3.714643255628131e-09,2.034756195830986e-10
invdf_extrapolation,"df in (2000, 4096]",t,127,0.01,8,1.4308386919736904e-08,5.552277635548064e-09,2.3838915008463565e-09
df_global,"df in [1, 2000]",t,127,0.01,8,6.921413924544218,0.17782636975481206,0.030654180954432737
df_group_aware,"insurance_charges_smoker: df in [273, 1336]",t,127,0.01,8,1.375788372115494e-12,5.305971515622609e-13,5.767319456419671e-15
df_group_aware,"adult_edu_income: df in [1023, 2046]",t,127,0.01,8,1.368238855548043e-12,5.305160600014057e-13,5.356296805676825e-15
df_group_aware,"adult_age_gender: df in [1023, 2046]",t,127,0.01,8,1.368238855548043e-12,5.305160600014057e-13,5.356296805676825e-15
lookup_table,"df in [1, 2000]",t2,,0.01,,3953.570367538186,40.092862990840665,1.0954424298712329
lookup_table,"df in [2, 2000]",t2,,0.01,,64.36721309838445,1.885649580003423,0.0757481302534518
lookup_table,"insurance_charges_smoker: df in [273, 1336]",t2,,0.01,,0.19059145262160015,0.02861603763964979,0.019673990448132228
lookup_table,"adult_edu_income: df in [1023, 2046]",t2,,0.01,,0.013002086341225016,0.0019559972576263405,0.0011459018607726053
lookup_table,"adult_age_gender: df in [1023, 2046]",t2,,0.01,,0.013002086341225016,0.0019559972576263405,0.0011459018607726053
invdf,"1/df in [1/2000, 1]",t2,7,0.01,4,2.4881943698551368,0.15106186059599336,0.07893704122874641
invdf_extrapolation,"df in (2000, 4096]",t2,7,0.01,4,1.0371091015868146,0.15616562485174407,0.15391228600944665
df_global,"df in [1, 2000]",t2,7,0.01,4,4043.7656560943797,0.9979233306668311,0.20611477350585306
df_group_aware,"insurance_charges_smoker: df in [273, 1336]",t2,7,0.01,4,7.994326727978063e-05,1.188108462198963e-05,3.649273495780313e-06
df_group_aware,"adult_edu_income: df in [1023, 2046]",t2,7,0.01,4,3.785444935289206e-08,5.684088306022228e-09,2.585652045202085e-09
df_group_aware,"adult_age_gender: df in [1023, 2046]",t2,7,0.01,4,3.785444935289206e-08,5.684088306022228e-09,2.585652045202085e-09
invdf,"1/df in [1/2000, 1]",t2,15,0.01,5,1.4261789146985393e-05,1.3732775795730924e-07,6.623730063752876e-08
invdf_extrapolation,"df in (2000, 4096]",t2,15,0.01,5,1.0350537067438381e-06,1.5585612798253392e-07,1.4762639720561766e-07
df_global,"df in [1, 2000]",t2,15,0.01,5,4036.2474440866213,0.9960679810235761,0.19289447718691752
df_group_aware,"insurance_charges_smoker: df in [273, 1336]",t2,15,0.01,5,3.408611792821148e-08,5.065843132516384e-09,1.5635383131962227e-09
df_group_aware,"adult_edu_income: df in [1023, 2046]",t2,15,0.01,5,1.545430450278218e-13,2.3205629193826757e-14,4.4023778410775335e-15
df_group_aware,"adult_age_gender: df in [1023, 2046]",t2,15,0.01,5,1.545430450278218e-13,2.3205629193826757e-14,4.4023778410775335e-15
invdf,"1/df in [1/2000, 1]",t2,31,0.01,6,1.5423060176544823e-05,1.55371477195032e-08,6.373624623151962e-09
invdf_extrapolation,"df in (2000, 4096]",t2,31,0.01,6,1.2981373487264136e-07,1.954706885679347e-08,1.6302798403307772e-08
df_global,"df in [1, 2000]",t2,31,0.01,6,3962.750726146812,1.6405076251935733,0.3473465367189083
df_group_aware,"insurance_charges_smoker: df in [273, 1336]",t2,31,0.01,6,3.97015753605956e-13,5.966667780039563e-14,6.851121826171229e-15
df_group_aware,"adult_edu_income: df in [1023, 2046]",t2,31,0.01,6,3.943512183468556e-13,5.93250868656654e-14,6.198463992262933e-15
df_group_aware,"adult_age_gender: df in [1023, 2046]",t2,31,0.01,6,3.943512183468556e-13,5.93250868656654e-14,6.198463992262933e-15
invdf,"1/df in [1/2000, 1]",t2,63,0.01,7,1.4403822660824517e-05,1.2472332405779879e-08,3.4764277097346852e-09
invdf_extrapolation,"df in (2000, 4096]",t2,63,0.01,7,1.78814651974335e-07,2.6925520001216235e-08,1.705246209412094e-08
df_global,"df in [1, 2000]",t2,63,0.01,7,3199.8486651889266,3.7357333645754434,0.7791109197761671
df_group_aware,"insurance_charges_smoker: df in [273, 1336]",t2,63,0.01,7,1.978861519091879e-12,2.949963264851775e-13,1.7035427688624678e-14
df_group_aware,"adult_edu_income: df in [1023, 2046]",t2,63,0.01,7,1.9557688801796758e-12,2.942203632391784e-13,1.5859408861652964e-14
df_group_aware,"adult_age_gender: df in [1023, 2046]",t2,63,0.01,7,1.9557688801796758e-12,2.942203632391784e-13,1.5859408861652964e-14
invdf,"1/df in [1/2000, 1]",t2,127,0.01,8,1.0795655725814868e-05,1.114032801758436e-08,2.6428870040890714e-09
invdf_extrapolation,"df in (2000, 4096]",t2,127,0.01,8,1.019306942851017e-06,1.534850146455159e-07,6.60431932442358e-08
df_global,"df in [1, 2000]",t2,127,0.01,8,1152.636595562411,2.7758592478321327,0.5311375429130865
df_group_aware,"insurance_charges_smoker: df in [273, 1336]",t2,127,0.01,8,3.5713654256142036e-12,5.307725876310569e-13,5.777364385879783e-15
df_group_aware,"adult_edu_income: df in [1023, 2046]",t2,127,0.01,8,3.531397396727698e-12,5.30986250459807e-13,5.345466357006221e-15
df_group_aware,"adult_age_gender: df in [1023, 2046]",t2,127,0.01,8,3.531397396727698e-12,5.30986250459807e-13,5.345466357006221e-15
lookup_table,"df in [1, 2000]",t,,0.025,,19.243812053149192,3.099897021668846,0.14013551780476705
lookup_table,"df in [2, 2000]",t,,0.025,,2.027940127857101,0.4854543202626829,0.02401797461287199
lookup_table,"insurance_charges_smoker: df in [273, 1336]",t,,0.025,,0.025090702369725104,0.011177334472624395,0.007692184347330583
lookup_table,"adult_edu_income: df in [1023, 2046]",t,,0.025,,0.001729418867614907,0.000771010908290751,0.0004517559247973791
lookup_table,"adult_age_gender: df in [1023, 2046]",t,,0.025,,0.001729418867614907,0.000771010908290751,0.0004517559247973791
invdf,"1/df in [1/2000, 1]",t,7,0.025,4,7.217013470750544e-05,2.1239672431152583e-05,1.2457530102490486e-05
invdf_extrapolation,"df in (2000, 4096]",t,7,0.025,4,4.9207483839186494e-05,2.1945807161057408e-05,2.1634094234062095e-05
df_global,"df in [1, 2000]",t,7,0.025,4,22.9891370012552,0.903245652795559,0.1262603572305844
df_group_aware,"insurance_charges_smoker: df in [273, 1336]",t,7,0.025,4,1.042281640195597e-05,4.6244846175570495e-06,1.4181884890099377e-06
df_group_aware,"adult_edu_income: df in [1023, 2046]",t,7,0.025,4,5.002344316551444e-09,2.228506572303499e-09,1.0134756582108545e-09
df_group_aware,"adult_age_gender: df in [1023, 2046]",t,7,0.025,4,5.002344316551444e-09,2.228506572303499e-09,1.0134756582108545e-09
invdf,"1/df in [1/2000, 1]",t,15,0.025,5,9.415470714202456e-08,4.895630856049373e-09,2.708156441517068e-10
invdf_extrapolation,"df in (2000, 4096]",t,15,0.025,5,7.891864939324478e-11,3.519654584768711e-11,3.3357300288103105e-11
df_global,"df in [1, 2000]",t,15,0.025,5,22.274871366372448,0.8751820795690443,0.10324834999933874
df_group_aware,"insurance_charges_smoker: df in [273, 1336]",t,15,0.025,5,4.369420825156567e-09,1.938662124929881e-09,5.974054798514809e-10
df_group_aware,"adult_edu_income: df in [1023, 2046]",t,15,0.025,5,4.6629367034256575e-14,2.0773030467808713e-14,4.885507827707665e-15
df_group_aware,"adult_age_gender: df in [1023, 2046]",t,15,0.025,5,4.6629367034256575e-14,2.0773030467808713e-14,4.885507827707665e-15
invdf,"1/df in [1/2000, 1]",t,31,0.025,6,8.679609564410384e-08,4.232342911960092e-09,3.424002810279444e-10
invdf_extrapolation,"df in (2000, 4096]",t,31,0.025,6,1.197512755624075e-09,5.340729083754527e-10,4.438981304101564e-10
df_global,"df in [1, 2000]",t,31,0.025,6,19.136721269262754,0.7518838264471663,0.08845332128584747
df_group_aware,"insurance_charges_smoker: df in [273, 1336]",t,31,0.025,6,1.3278267374516872e-13,5.89141560718075e-14,6.7175334479132754e-15
df_group_aware,"adult_edu_income: df in [1023, 2046]",t,31,0.025,6,1.318944953254686e-13,5.88013098178386e-14,6.228533546806217e-15
df_group_aware,"adult_age_gender: df in [1023, 2046]",t,31,0.025,6,1.318944953254686e-13,5.88013098178386e-14,6.228533546806217e-15
invdf,"1/df in [1/2000, 1]",t,63,0.025,7,1.0268994188322722e-07,4.896783704554353e-09,2.1728699373204065e-10
invdf_extrapolation,"df in (2000, 4096]",t,63,0.025,7,1.7494494741754352e-10,7.802284897097902e-11,5.2056742914889764e-11
df_global,"df in [1, 2000]",t,63,0.025,7,10.234208136557047,0.40210313282509785,0.062235197751158315
df_group_aware,"insurance_charges_smoker: df in [273, 1336]",t,63,0.025,7,6.634692795159935e-13,2.9437374304776054e-13,1.7005536374610708e-14
df_group_aware,"adult_edu_income: df in [1023, 2046]",t,63,0.025,7,6.59916565837193e-13,2.942045332973339e-13,1.5839817660474487e-14
df_group_aware,"adult_age_gender: df in [1023, 2046]",t,63,0.025,7,6.59916565837193e-13,2.942045332973339e-13,1.5839817660474487e-14
invdf,"1/df in [1/2000, 1]",t,127,0.025,8,5.4938247728841816e-08,4.868841692213449e-09,2.052211773575576e-10
invdf_extrapolation,"df in (2000, 4096]",t,127,0.025,8,1.2042681074575512e-08,5.37085694989925e-09,2.3180201272672486e-09
df_global,"df in [1, 2000]",t,127,0.025,8,1.8701643995167139,0.08496030043448137,0.01384346342530543
df_group_aware,"insurance_charges_smoker: df in [273, 1336]",t,127,0.025,8,1.1963763313360687e-12,5.308185165800984e-13,5.7404856645618125e-15
df_group_aware,"adult_edu_income: df in [1023, 2046]",t,127,0.025,8,1.1906031716080179e-12,5.307956620256745e-13,5.4022360955033705e-15
df_group_aware,"adult_age_gender: df in [1023, 2046]",t,127,0.025,8,1.1906031716080179e-12,5.307956620256745e-13,5.4022360955033705e-15
lookup_table,"df in [1, 2000]",t2,,0.025,,609.2511439373419,15.809155588289078,0.5221221478086283
lookup_table,"df in [2, 2000]",t2,,0.025,,21.055602498810263,1.2065745375870693,0.05304185116819432
lookup_table,"insurance_charges_smoker: df in [273, 1336]",t2,,0.025,,0.11327596131706308,0.0224796017511617,0.015459150052652389
lookup_table,"adult_edu_income: df in [1023, 2046]",t2,,0.025,,0.007761349656016492,0.0015426162744022764,0.0009037606814473198
lookup_table,"adult_age_gender: df in [1023, 2046]",t2,,0.025,,0.007761349656016492,0.0015426162744022764,0.0009037606814473198
invdf,"1/df in [1/2000, 1]",t2,7,0.025,4,0.10721657668750595,0.010260377352231268,0.005550157761293786
invdf_extrapolation,"df in (2000, 4096]",t2,7,0.025,4,0.05331791402272135,0.010605080034314688,0.01045290039793428
df_global,"df in [1, 2000]",t2,7,0.025,4,641.7328657086537,0.9906510520267124,0.1831393311631081
df_group_aware,"insurance_charges_smoker: df in [273, 1336]",t2,7,0.025,4,4.7320564749320226e-05,9.315505401817852e-06,2.8600945227458428e-06
df_group_aware,"adult_edu_income: df in [1023, 2046]",t2,7,0.025,4,2.2534548449471004e-08,4.472285661844955e-09,2.0342792386048177e-09
df_group_aware,"adult_age_gender: df in [1023, 2046]",t2,7,0.025,4,2.2534548449471004e-08,4.472285661844955e-09,2.0342792386048177e-09
invdf,"1/df in [1/2000, 1]",t2,15,0.025,5,3.95170775391307e-06,9.773505373029508e-09,8.751434392927265e-10
invdf_extrapolation,"df in (2000, 4096]",t2,15,0.025,5,6.346531300494007e-09,1.2623425656401356e-09,1.1958610814956154e-09
df_global,"df in [1, 2000]",t2,15,0.025,5,637.8446435530492,0.9846487548485718,0.16194780411211815
df_group_aware,"insurance_charges_smoker: df in [273, 1336]",t2,15,0.025,5,2.003350463297693e-08,3.9437868422422075e-09,1.216715514263308e-09
df_group_aware,"adult_edu_income: df in [1023, 2046]",t2,15,0.025,5,1.163513729807164e-13,2.3091502289669703e-14,4.587362107432293e-15
df_group_aware,"adult_age_gender: df in [1023, 2046]",t2,15,0.025,5,1.163513729807164e-13,2.3091502289669703e-14,4.587362107432293e-15
invdf,"1/df in [1/2000, 1]",t2,31,0.025,6,3.56337642415383e-06,9.814509017697927e-09,2.9703862282216044e-09
invdf_extrapolation,"df in (2000, 4096]",t2,31,0.025,6,4.4336821325430265e-08,8.818715946443912e-09,7.356119590379363e-09
df_global,"df in [1, 2000]",t2,31,0.025,6,610.7597342017891,0.942837441486517,0.21422933524731289
df_group_aware,"insurance_charges_smoker: df in [273, 1336]",t2,31,0.025,6,3.0109248427834245e-13,5.927293299647165e-14,6.773267185957436e-15
df_group_aware,"adult_edu_income: df in [1023, 2046]",t2,31,0.025,6,2.957634137601417e-13,5.878480878457659e-14,6.2292884549025364e-15
df_group_aware,"adult_age_gender: df in [1023, 2046]",t2,31,0.025,6,2.957634137601417e-13,5.878480878457659e-14,6.2292884549025364e-15
invdf,"1/df in [1/2000, 1]",t2,63,0.025,7,4.293975223390589e-06,1.0325152123922588e-08,1.915273870415048e-09
invdf_extrapolation,"df in (2000, 4096]",t2,63,0.025,7,6.464618085288976e-08,1.2858303525631549e-08,8.140959972716459e-09
df_global,"df in [1, 2000]",t2,63,0.025,7,442.67556754475584,1.5749373762182728,0.303508829516514
df_group_aware,"insurance_charges_smoker: df in [273, 1336]",t2,63,0.025,7,1.4983569940341113e-12,2.9496589370220554e-13,1.6965395413556254e-14
df_group_aware,"adult_edu_income: df in [1023, 2046]",t2,63,0.025,7,1.4797052472204086e-12,2.9374751296557194e-13,1.579788607749559e-14
df_group_aware,"adult_age_gender: df in [1023, 2046]",t2,63,0.025,7,1.4797052472204086e-12,2.9374751296557194e-13,1.579788607749559e-14
invdf,"1/df in [1/2000, 1]",t2,127,0.025,8,2.2749521804144024e-06,9.624825377946103e-09,6.162158645665702e-10
invdf_extrapolation,"df in (2000, 4096]",t2,127,0.025,8,1.219812650887775e-07,2.426240978598988e-08,1.0428559951075904e-08
df_global,"df in [1, 2000]",t2,127,0.025,8,131.09806918123297,0.7414982556973783,0.13998541135533896
df_group_aware,"insurance_charges_smoker: df in [273, 1336]",t2,127,0.025,8,2.6965096822095802e-12,5.308337008179585e-13,5.784266118833379e-15
df_group_aware,"adult_edu_income: df in [1023, 2046]",t2,127,0.025,8,2.672528864877677e-12,5.310051195916107e-13,5.320775527194808e-15
df_group_aware,"adult_age_gender: df in [1023, 2046]",t2,127,0.025,8,2.672528864877677e-12,5.310051195916107e-13,5.320775527194808e-15
lookup_table,"df in [1, 2000]",t,,0.05,,8.402211796734136,1.952189958128457,0.09538231607099798
lookup_table,"df in [2, 2000]",t,,0.05,,1.1196987967047183,0.3517797681654527,0.01809241012954279
lookup_table,"insurance_charges_smoker: df in [273, 1336]",t,,0.05,,0.017590653388775523,0.00896412222901728,0.006169339009401094
lookup_table,"adult_edu_income: df in [1023, 2046]",t,,0.05,,0.0012149538809875793,0.0006195191137033994,0.0003629947411226776
lookup_table,"adult_age_gender: df in [1023, 2046]",t,,0.05,,0.0012149538809875793,0.0006195191137033994,0.0003629947411226776
invdf,"1/df in [1/2000, 1]",t,7,0.05,4,7.745329835273651e-06,2.5961429293956108e-06,1.559271609258183e-06
invdf_extrapolation,"df in (2000, 4096]",t,7,0.05,4,5.258945825259431e-06,2.6823920542960254e-06,2.6443188692794294e-06
df_global,"df in [1, 2000]",t,7,0.05,4,10.592924182158214,0.8336812133827389,0.1071658735889441
df_group_aware,"insurance_charges_smoker: df in [273, 1336]",t,7,0.05,4,7.2930491090694716e-06,3.704515748296628e-06,1.135995329180207e-06
df_group_aware,"adult_edu_income: df in [1023, 2046]",t,7,0.05,4,3.5096796580091905e-09,1.7885671804699244e-09,8.133940298731594e-10
df_group_aware,"adult_age_gender: df in [1023, 2046]",t,7,0.05,4,3.5096796580091905e-09,1.7885671804699244e-09,8.133940298731594e-10
invdf,"1/df in [1/2000, 1]",t,15,0.05,5,1.1718003012362033e-08,4.6539351386793044e-09,6.000649292834983e-10
invdf_extrapolation,"df in (2000, 4096]",t,15,0.05,5,1.1655807430344112e-09,5.945192492264787e-10,5.675012534939109e-10
df_global,"df in [1, 2000]",t,15,0.05,5,10.121847282763188,0.7966066573554523,0.08563697386113539
df_group_aware,"insurance_charges_smoker: df in [273, 1336]",t,15,0.05,5,3.046992436139817e-09,1.547724593076388e-09,4.769059424826159e-10
df_group_aware,"adult_edu_income: df in [1023, 2046]",t,15,0.05,5,3.863576125695545e-14,1.9700823994824436e-14,4.969706818881761e-15
df_group_aware,"adult_age_gender: df in [1023, 2046]",t,15,0.05,5,3.863576125695545e-14,1.9700823994824436e-14,4.969706818881761e-15
invdf,"1/df in [1/2000, 1]",t,31,0.05,6,8.41186498234947e-09,4.158202347312843e-09,1.9004268205343647e-10
invdf_extrapolation,"df in (2000, 4096]",t,31,0.05,6,4.5952996963194437e-10,2.343890924548198e-10,1.9640605360524887e-10
df_global,"df in [1, 2000]",t,31,0.05,6,8.301360703248474,0.6533312562992352,0.0658411684302213
df_group_aware,"insurance_charges_smoker: df in [273, 1336]",t,31,0.05,6,1.156852391659413e-13,5.897069299572885e-14,6.704740042920551e-15
df_group_aware,"adult_edu_income: df in [1023, 2046]",t,31,0.05,6,1.156852391659413e-13,5.895433264538547e-14,6.192310434549315e-15
df_group_aware,"adult_age_gender: df in [1023, 2046]",t,31,0.05,6,1.156852391659413e-13,5.895433264538547e-14,6.192310434549315e-15
invdf,"1/df in [1/2000, 1]",t,63,0.05,7,1.0054565624528777e-08,4.97017106046535e-09,3.062431782900625e-10
invdf_extrapolation,"df in (2000, 4096]",t,63,0.05,7,1.7223207304795096e-09,8.78491544863871e-10,5.590804253758248e-10
df_global,"df in [1, 2000]",t,63,0.05,7,4.027360364313591,0.3169601346628761,0.03901966685569164
df_group_aware,"insurance_charges_smoker: df in [273, 1336]",t,63,0.05,7,5.788702850395566e-13,2.9403807037076244e-13,1.7000304976363372e-14
df_group_aware,"adult_edu_income: df in [1023, 2046]",t,63,0.05,7,5.768718835952313e-13,2.9415368240548207e-13,1.584255290167795e-14
df_group_aware,"adult_age_gender: df in [1023, 2046]",t,63,0.05,7,5.768718835952313e-13,2.9415368240548207e-13,1.584255290167795e-14
invdf,"1/df in [1/2000, 1]",t,127,0.05,8,1.0537301697866042e-08,4.185445548580337e-09,1.0304519152108458e-10
invdf_extrapolation,"df in (2000, 4096]",t,127,0.05,8,2.6475464043329566e-09,1.3504146409442038e-09,5.83914816595076e-10
df_global,"df in [1, 2000]",t,127,0.05,8,0.6379340860097606,0.052161166030785015,0.007216668114879493
df_group_aware,"insurance_charges_smoker: df in [273, 1336]",t,127,0.05,8,1.0438316877525722e-12,5.302834869193659e-13,5.7339819405263925e-15
df_group_aware,"adult_edu_income: df in [1023, 2046]",t,127,0.05,8,1.0407230632836217e-12,5.303626815910205e-13,5.341162088856082e-15
df_group_aware,"adult_age_gender: df in [1023, 2046]",t,127,0.05,8,1.0407230632836217e-12,5.303626815910205e-13,5.341162088856082e-15
lookup_table,"df in [1, 2000]",t2,,0.05,,142.92328357915952,7.7154255488744985,0.29535056530511067
lookup_table,"df in [2, 2000]",t2,,0.05,,8.381624773297856,0.8273085416214451,0.03889778636793261
lookup_table,"insurance_charges_smoker: df in [273, 1336]",t2,,0.05,,0.06934710789171872,0.018008599945371354,0.01238677967321451
lookup_table,"adult_edu_income: df in [1023, 2046]",t2,,0.05,,0.004766826851194672,0.001239422031339124,0.0007261501385701099
lookup_table,"adult_age_gender: df in [1023, 2046]",t2,,0.05,,0.004766826851194672,0.001239422031339124,0.0007261501385701099
invdf,"1/df in [1/2000, 1]",t2,7,0.05,4,0.007052287946606839,0.0010112403544784813,0.0005637407135240935
invdf_extrapolation,"df in (2000, 4096]",t2,7,0.05,4,0.0040169903275866226,0.0010450760616961732,0.0010301388377676028
df_global,"df in [1, 2000]",t2,7,0.05,4,156.9855491077918,0.9723620008976961,0.1620712209280727
df_group_aware,"insurance_charges_smoker: df in [273, 1336]",t2,7,0.05,4,2.888166512837742e-05,7.451896991669827e-06,2.287260412014576e-06
df_group_aware,"adult_edu_income: df in [1023, 2046]",t2,7,0.05,4,1.3811928933904483e-08,3.5869877435972647e-09,1.6315148700968526e-09
df_group_aware,"adult_age_gender: df in [1023, 2046]",t2,7,0.05,4,1.3811928933904483e-08,3.5869877435972647e-09,1.6315148700968526e-09
invdf,"1/df in [1/2000, 1]",t2,15,0.05,5,5.888748511040376e-08,9.288732356049348e-09,1.1450886127920258e-09
invdf_extrapolation,"df in (2000, 4096]",t2,15,0.05,5,3.633998435503827e-09,9.454353790958931e-10,9.042126080854905e-10
df_global,"df in [1, 2000]",t2,15,0.05,5,154.8338549379655,0.9590344961675912,0.13771420992105693
df_group_aware,"insurance_charges_smoker: df in [273, 1336]",t2,15,0.05,5,1.2162525209191699e-08,3.1381114840374127e-09,9.67867073864028e-10
df_group_aware,"adult_edu_income: df in [1023, 2046]",t2,15,0.05,5,7.949196856316121e-14,2.0668696436290053e-14,4.706846266430866e-15
df_group_aware,"adult_age_gender: df in [1023, 2046]",t2,15,0.05,5,7.949196856316121e-14,2.0668696436290053e-14,4.706846266430866e-15
invdf,"1/df in [1/2000, 1]",t2,31,0.05,6,3.689721417288183e-08,8.341427638847001e-09,3.949571882534651e-10
invdf_extrapolation,"df in (2000, 4096]",t2,31,0.05,6,2.024071132922245e-09,5.265903364666931e-10,4.410692585909765e-10
df_global,"df in [1, 2000]",t2,31,0.05,6,143.03734721297033,0.8859674150236739,0.14732074333641149
df_group_aware,"insurance_charges_smoker: df in [273, 1336]",t2,31,0.05,6,2.2604140781368187e-13,5.87360272696003e-14,6.781622346797204e-15
df_group_aware,"adult_edu_income: df in [1023, 2046]",t2,31,0.05,6,2.2870594307278225e-13,5.939542685280927e-14,6.172264745880428e-15
df_group_aware,"adult_age_gender: df in [1023, 2046]",t2,31,0.05,6,2.2870594307278225e-13,5.939542685280927e-14,6.172264745880428e-15
invdf,"1/df in [1/2000, 1]",t2,63,0.05,7,4.263242203705886e-08,9.940939590345348e-09,6.017354638577821e-10
invdf_extrapolation,"df in (2000, 4096]",t2,63,0.05,7,6.147002462597584e-09,1.5992284274947964e-09,1.0182690606427913e-09
df_global,"df in [1, 2000]",t2,63,0.05,7,92.65098315990738,0.8681666680134743,0.1503598911896255
df_group_aware,"insurance_charges_smoker: df in [273, 1336]",t2,63,0.05,7,1.141309269314661e-12,2.9447468048559215e-13,1.7000848545937767e-14
df_group_aware,"adult_edu_income: df in [1023, 2046]",t2,63,0.05,7,1.1337597527472099e-12,2.944398538936351e-13,1.5864052196994106e-14
df_group_aware,"adult_age_gender: df in [1023, 2046]",t2,63,0.05,7,1.1337597527472099e-12,2.944398538936351e-13,1.5864052196994106e-14
invdf,"1/df in [1/2000, 1]",t2,127,0.05,8,5.3123361709594974e-08,8.381275432262581e-09,1.9967687849368155e-10
invdf_extrapolation,"df in (2000, 4096]",t2,127,0.05,8,7.694667569779767e-09,2.001875091573343e-09,8.673979907274252e-10
df_global,"df in [1, 2000]",t2,127,0.05,8,22.89898709485263,0.2834386209632301,0.0509469815094593
df_group_aware,"insurance_charges_smoker: df in [273, 1336]",t2,127,0.05,8,2.05702122002549e-12,5.307419144004914e-13,5.710252988131533e-15
df_group_aware,"adult_edu_income: df in [1023, 2046]",t2,127,0.05,8,2.041478097680738e-12,5.304580526721592e-13,5.3638271717033305e-15
df_group_aware,"adult_age_gender: df in [1023, 2046]",t2,127,0.05,8,2.041478097680738e-12,5.304580526721592e-13,5.3638271717033305e-15
lookup_table,"df in [1, 2000]",t,,0.1,,3.393118701639363,1.1617751763756738,0.06117796816512887
lookup_table,"df in [2, 2000]",t,,0.1,,0.5663516395556152,0.24062859977415865,0.012892485763791147
lookup_table,"insurance_charges_smoker: df in [273, 1336]",t,,0.1,,0.011271651388341963,0.006846327419587596,0.004711985592494566
lookup_table,"adult_edu_income: df in [1023, 2046]",t,,0.1,,0.0007800957500210259,0.0004740498031580564,0.00027776100369197155
lookup_table,"adult_age_gender: df in [1023, 2046]",t,,0.1,,0.0007800957500210259,0.0004740498031580564,0.00027776100369197155
invdf,"1/df in [1/2000, 1]",t,7,0.1,4,2.564699954632488e-07,4.099154018202415e-08,5.555755828791069e-09
invdf_extrapolation,"df in (2000, 4096]",t,7,0.1,4,6.7851242402383605e-09,4.124129677034878e-09,4.02450845577692e-09
df_global,"df in [1, 2000]",t,7,0.1,4,4.571740442266329,0.7240925512429629,0.08583829928369795
df_group_aware,"insurance_charges_smoker: df in [273, 1336]",t,7,0.1,4,4.664168237189514e-06,2.825990534030856e-06,8.665568651126776e-07
df_group_aware,"adult_edu_income: df in [1023, 2046]",t,7,0.1,4,2.250579722584689e-09,1.3670162769438349e-09,6.216795915016469e-10
df_group_aware,"adult_age_gender: df in [1023, 2046]",t,7,0.1,4,2.250579722584689e-09,1.3670162769438349e-09,6.216795915016469e-10
invdf,"1/df in [1/2000, 1]",t,15,0.1,5,9.188351635103231e-09,5.4117604665577724e-09,3.027039895224306e-10
invdf_extrapolation,"df in (2000, 4096]",t,15,0.1,5,2.2688761980305117e-10,1.3790668130031147e-10,1.3198204670788695e-10
df_global,"df in [1, 2000]",t,15,0.1,5,4.28751963298101,0.6790763974366185,0.06688469048036791
df_group_aware,"insurance_charges_smoker: df in [273, 1336]",t,15,0.1,5,1.9420838270889362e-09,1.1766965153372855e-09,3.62561486787595e-10
df_group_aware,"adult_edu_income: df in [1023, 2046]",t,15,0.1,5,3.197442310920451e-14,1.9421465677284793e-14,5.017546797392841e-15
df_group_aware,"adult_age_gender: df in [1023, 2046]",t,15,0.1,5,3.197442310920451e-14,1.9421465677284793e-14,5.017546797392841e-15
invdf,"1/df in [1/2000, 1]",t,31,0.1,6,1.2424268724942067e-08,7.317652717453516e-09,4.037308052765329e-10
invdf_extrapolation,"df in (2000, 4096]",t,31,0.1,6,9.592104888156427e-10,5.830266776822872e-10,4.886809765785755e-10
df_global,"df in [1, 2000]",t,31,0.1,6,3.3195248514898275,0.5257610857361227,0.04627768048484752
df_group_aware,"insurance_charges_smoker: df in [273, 1336]",t,31,0.1,6,9.747758156208874e-14,5.908616903452745e-14,6.683878259144803e-15
df_group_aware,"adult_edu_income: df in [1023, 2046]",t,31,0.1,6,9.792167077193881e-14,5.947823863668468e-14,6.240396202788253e-15
df_group_aware,"adult_age_gender: df in [1023, 2046]",t,31,0.1,6,9.792167077193881e-14,5.947823863668468e-14,6.240396202788253e-15
invdf,"1/df in [1/2000, 1]",t,63,0.1,7,1.0007549899881951e-08,4.855671934722064e-09,2.2804537342037431e-10
invdf_extrapolation,"df in (2000, 4096]",t,63,0.1,7,1.4107708334876179e-09,8.574937843256239e-10,5.44198686438413e-10
df_global,"df in [1, 2000]",t,63,0.1,7,1.4406677737451599,0.22817935903367317,0.023008163355047573
df_group_aware,"insurance_charges_smoker: df in [273, 1336]",t,63,0.1,7,4.851674617611934e-13,2.940818458796115e-13,1.694448959424521e-14
df_group_aware,"adult_edu_income: df in [1023, 2046]",t,63,0.1,7,4.842792833414933e-13,2.941542822372092e-13,1.587238864622442e-14
df_group_aware,"adult_age_gender: df in [1023, 2046]",t,63,0.1,7,4.842792833414933e-13,2.941542822372092e-13,1.587238864622442e-14
invdf,"1/df in [1/2000, 1]",t,127,0.1,8,1.2346786704142687e-08,7.286504802412332e-09,2.338512419679724e-10
invdf_extrapolation,"df in (2000, 4096]",t,127,0.1,8,8.676181773026315e-09,5.273551001658579e-09,2.276128621339848e-09
df_global,"df in [1, 2000]",t,127,0.1,8,0.19411333292673838,0.03074453159451883,0.0034933716281994975
df_group_aware,"insurance_charges_smoker: df in [273, 1336]",t,127,0.1,8,8.759659664292485e-13,5.307423324751019e-13,5.740905400789392e-15
df_group_aware,"adult_edu_income: df in [1023, 2046]",t,127,0.1,8,8.733014311701481e-13,5.304487813108409e-13,5.3837475411428106e-15
df_group_aware,"adult_age_gender: df in [1023, 2046]",t,127,0.1,8,8.733014311701481e-13,5.304487813108409e-13,5.3837475411428106e-15
lookup_table,"df in [1, 2000]",t2,,0.1,,31.333362161335003,3.6732719131940756,0.16248042011680455
lookup_table,"df in [2, 2000]",t2,,0.1,,2.9867230621988687,0.5391593225775895,0.02709293915867399
lookup_table,"insurance_charges_smoker: df in [273, 1336]",t2,,0.1,,0.0372418759970099,0.01373952703831132,0.00945203069874878
lookup_table,"adult_edu_income: df in [1023, 2046]",t2,,0.1,,0.0025680576871986993,0.0009483243295319254,0.0005556160747320913
lookup_table,"adult_age_gender: df in [1023, 2046]",t2,,0.1,,0.0025680576871986993,0.0009483243295319254,0.0005556160747320913
invdf,"1/df in [1/2000, 1]",t2,7,0.1,4,0.0002867646363782228,6.696482956409635e-05,3.861249135504282e-05
invdf_extrapolation,"df in (2000, 4096]",t2,7,0.1,4,0.00018730060270533144,6.919714740599412e-05,6.821169676822233e-05
df_global,"df in [1, 2000]",t2,7,0.1,4,36.83040266778299,0.923913888545189,0.13671424186467454
df_group_aware,"insurance_charges_smoker: df in [273, 1336]",t2,7,0.1,4,1.5464210574744897e-05,5.67702420882504e-06,1.7420291294063667e-06
df_group_aware,"adult_edu_income: df in [1023, 2046]",t2,7,0.1,4,7.426086856554548e-09,2.7397983050437626e-09,1.2461241813722894e-09
df_group_aware,"adult_age_gender: df in [1023, 2046]",t2,7,0.1,4,7.426086856554548e-09,2.7397983050437626e-09,1.2461241813722894e-09
invdf,"1/df in [1/2000, 1]",t2,15,0.1,5,3.34683925018453e-08,1.0923561469080811e-08,5.764822475239381e-10
invdf_extrapolation,"df in (2000, 4096]",t2,15,0.1,5,3.989115704428059e-10,1.4737562155800646e-10,1.4227697987472607e-10
df_global,"df in [1, 2000]",t2,15,0.1,5,35.78184796187893,0.8976102321767616,0.11169696228747052
df_group_aware,"insurance_charges_smoker: df in [273, 1336]",t2,15,0.1,5,6.4782783582018055e-09,2.37822311674165e-09,7.33302232952567e-10
df_group_aware,"adult_edu_income: df in [1023, 2046]",t2,15,0.1,5,5.551115123125783e-14,2.048041734391893e-14,4.815130920915663e-15
df_group_aware,"adult_age_gender: df in [1023, 2046]",t2,15,0.1,5,5.551115123125783e-14,2.048041734391893e-14,4.815130920915663e-15
invdf,"1/df in [1/2000, 1]",t2,31,0.1,6,4.2256549814823074e-08,1.4658716710535336e-08,7.980462307235088e-10
invdf_extrapolation,"df in (2000, 4096]",t2,31,0.1,6,3.0017930363612777e-09,1.1089954448580398e-09,9.297343294621098e-10
df_global,"df in [1, 2000]",t2,31,0.1,6,31.189197296853337,0.7824006925763393,0.0982805144439942
df_group_aware,"insurance_charges_smoker: df in [273, 1336]",t2,31,0.1,6,1.6076029396572267e-13,5.933648077041173e-14,6.733210015112458e-15
df_group_aware,"adult_edu_income: df in [1023, 2046]",t2,31,0.1,6,1.6120438317557273e-13,5.947513196674057e-14,6.230963691465528e-15
df_group_aware,"adult_age_gender: df in [1023, 2046]",t2,31,0.1,6,1.6120438317557273e-13,5.947513196674057e-14,6.230963691465528e-15
invdf,"1/df in [1/2000, 1]",t2,63,0.1,7,4.283420018680317e-08,9.704100712051157e-09,4.854055884891464e-10
invdf_extrapolation,"df in (2000, 4096]",t2,63,0.1,7,5.409283243551499e-09,1.998429073683662e-09,1.2680376606587365e-09
df_global,"df in [1, 2000]",t2,63,0.1,7,17.476973283067387,0.4533800517624329,0.07313683818577457
df_group_aware,"insurance_charges_smoker: df in [273, 1336]",t2,63,0.1,7,8.002487561498128e-13,2.9422370989748356e-13,1.6954685576017204e-14
df_group_aware,"adult_edu_income: df in [1023, 2046]",t2,63,0.1,7,7.984723993104126e-13,2.945903230749299e-13,1.5875832371555525e-14
df_group_aware,"adult_age_gender: df in [1023, 2046]",t2,63,0.1,7,7.984723993104126e-13,2.945903230749299e-13,1.5875832371555525e-14
invdf,"1/df in [1/2000, 1]",t2,127,0.1,8,4.183646584721146e-08,1.4570874243888747e-08,4.6343885687780263e-10
invdf_extrapolation,"df in (2000, 4096]",t2,127,0.1,8,2.7330390839352958e-08,1.0097058184854983e-08,4.358155360100702e-09
df_global,"df in [1, 2000]",t2,127,0.1,8,3.474947344371479,0.10749108741798906,0.0179550232329831
df_group_aware,"insurance_charges_smoker: df in [273, 1336]",t2,127,0.1,8,1.4441781104324036e-12,5.304222424669955e-13,5.7403890562703614e-15
df_group_aware,"adult_edu_income: df in [1023, 2046]",t2,127,0.1,8,1.4375167722846527e-12,5.303608875381246e-13,5.357732489878862e-15
df_group_aware,"adult_age_gender: df in [1023, 2046]",t2,127,0.1,8,1.4375167722846527e-12,5.303608875381246e-13,5.357732489878862e-15
