parameterization,degree,df_min,df_max,max_absolute_error,rmse,p99_absolute_error,worst_df,multiplicative_depth
"universal InvDF [0,1]",7,1.0,2048.0,7.770544357299514e-06,3.995189335078991e-06,6.27382646782412e-06,1.0,3
"universal InvDF [0,1]",15,1.0,2048.0,1.1612026007412624e-08,1.3666693570006665e-09,4.306314642654724e-09,5.373220820403839,4
"universal InvDF [0,1]",31,1.0,2048.0,8.453669764207916e-09,8.44790433467696e-10,5.005742917951746e-09,38.83273448572808,5
"universal InvDF [0,1]",63,1.0,2048.0,9.175567861063882e-09,9.44315362914774e-10,5.222707075702713e-09,38.831254082521795,6
"universal InvDF [0,1]",127,1.0,2048.0,1.1076534800480431e-08,5.060538047738664e-10,1.6555132908990775e-09,5.373425669140211,7
"global DF [1,2048]",7,1.0,2048.0,10.596548862143042,1.2264863328713873,7.0573294801127275,1.0,3
"global DF [1,2048]",15,1.0,2048.0,10.136709333716876,1.12110275686919,6.601390743705714,1.0,4
"global DF [1,2048]",31,1.0,2048.0,8.353881188327364,0.8066373153195006,4.87899665929709,1.0,5
"global DF [1,2048]",63,1.0,2048.0,4.108215242177078,0.34362911399896995,1.218812992648261,1.0,6
"global DF [1,2048]",127,1.0,2048.0,0.6676694930847695,0.06303639587990385,0.3754305485339547,1.0,7
"group-aware DF [273,1336]",7,273.0,1336.0,7.2930491090694716e-06,2.571081320888477e-06,6.328002953361888e-06,273.0,3
"group-aware DF [273,1336]",15,273.0,1336.0,3.046992436139817e-09,1.080276898663397e-09,2.6540797026797235e-09,273.0,4
"group-aware DF [273,1336]",31,273.0,1336.0,1.156852391659413e-13,1.7599734427833723e-14,6.350475700855895e-14,273.0,5
"group-aware DF [273,1336]",63,273.0,1336.0,5.788702850395566e-13,4.783742416916402e-14,1.5876189252139739e-13,273.0,6
"group-aware DF [273,1336]",127,273.0,1336.0,1.0438316877525722e-12,2.4580163450121543e-14,7.061018436615996e-14,273.0,7
