domain,method,lo,hi,level,degree,pre_bts,iteration,tags,reps,time_mean,time_std,bootstrap_count,mre,max_re,mre_alg,max_re_alg,geom_mre,geom_max_re,geom_max_re_alg,out_max_re,out_neg
normalized_vmin0.0001,normalized,0.0001,1.0,12,15,0,7,degree_sweep,10,10.50555555629544,0.34929538896535783,2,8.530160156514415e-08,0.0002759351338172955,1.5570957016805878e-09,5.451766712627482e-06,9.444241513943945e-06,0.00048493032928120794,1.0401478111710105e-05,0.11694523926006717,0
normalized_vmin0.0001,normalized,0.0001,1.0,12,31,0,5,degree_sweep,10,10.519289207737893,0.5416926169444152,2,8.598268025106857e-08,0.0002764237913004397,1.9065934688750274e-09,2.860090476264343e-05,9.361679725153283e-06,0.00079753597118426,2.9123793459207015e-05,0.17944740111972102,0
normalized_vmin0.0001,normalized,0.0001,1.0,12,63,0,3,degree_sweep,10,6.00159372817725,0.37923780480380587,1,9.227611336677527e-08,0.0007196037596501892,1.637708256926243e-08,0.0003989840092805119,1.182803834950473e-05,0.0008154892623556398,0.0003961878237511707,0.2905038342639097,0
normalized_vmin0.0001,normalized,0.0001,1.0,12,63,0,7,pptest_default,10,14.909918717108667,1.0870067564406936,3,8.623233370270199e-08,0.0003648760788377281,1.1594736200592213e-09,3.3329514634861113e-06,9.395859459797074e-06,0.0005426387853864068,8.07157113236201e-06,0.004887254877649072,0
normalized_vmin0.0001,normalized,0.0001,1.0,12,127,0,2,degree_sweep,10,7.087961652455851,0.2597150925441638,1,8.645382560800308e-08,0.00035633778245047765,5.857043331550067e-09,5.972703292145276e-05,9.568809457271841e-06,0.0005377176504297587,6.13128437193522e-05,0.27365514855511786,0
normalized_vmin0.0001,normalized,0.0001,1.0,12,255,0,3,degree_sweep|hedap_accuracy|hedap_speed,10,6.123010476306081,0.3754944412543119,1,8.440615727369543e-08,0.00023437297019723857,1.5699264636394056e-09,3.533791360976757e-06,9.121469472667664e-06,0.00046819526758790087,9.843771072048924e-06,0.022044669778391923,0
normalized_vmin0.0001,normalized,0.0001,1.0,12,255,0,4,hedap_accuracy_maxre_alg,10,10.622692694561556,0.5031059496828862,2,8.450076435427603e-08,0.000301671198974951,1.1537321061231145e-09,3.1511888416435596e-06,9.111606594092303e-06,0.0006774822298639682,7.559825286551636e-06,0.006267540096135615,0
normalized_vmin0.0001,normalized,0.0001,1.0,12,511,0,1,degree_sweep,10,11.895821386436001,0.3020888587995591,2,8.569520135597345e-08,0.0003027936949885346,1.1304108331467154e-09,3.1336607253518167e-06,9.278234695925724e-06,0.0004403494333178326,9.508574081884547e-06,0.1319208947775835,0
normalized_vmin0.0001,normalized,0.0001,1.0,11,127,0,2,hedap_accuracy|hedap_speed,10,4.467069213092327,0.11249741373394265,1,8.56131332212124e-08,0.0002524629111588794,5.897959229390378e-09,5.761944038584765e-05,9.446494471043122e-06,0.0005446125836217064,5.935197266815351e-05,0.2734733844972749,0
normalized_vmin0.0001,normalized,0.0001,1.0,11,511,0,1,hedap_accuracy_maxre_alg,10,11.632000400265678,0.19165172156590657,2,8.440090082035026e-08,0.00026843743363968997,1.156161329322799e-09,2.4598970148614896e-06,9.232397159988676e-06,0.0005740236146881683,7.168103101862222e-06,0.13182469876744018,0
normalized_vmin0.0001,normalized,0.0001,1.0,10,63,0,4,hedap_accuracy,10,8.070995624829084,0.28907620867043227,2,8.417126822303497e-08,0.0003796582605524179,1.5552479092225366e-09,2.7253672965077413e-06,9.335754527421125e-06,0.0005183954811653901,7.986097791068403e-06,0.11571234391275798,0
normalized_vmin0.0001,normalized,0.0001,1.0,10,63,1,3,hedap_speed,10,7.944613585341722,0.3616973131630138,2,1.0836295249741684e-07,0.0004424457755050071,5.078666052567227e-08,0.00043058267247586546,1.2876243581433137e-05,0.0009665236243425745,0.0007234360778071158,0.2907105651505424,0
normalized_vmin0.0001,normalized,0.0001,1.0,10,255,0,3,hedap_accuracy_maxre_alg,10,15.43754886831157,0.43675166497176604,3,8.423663317135259e-08,0.00033843830698954136,1.1608831808397634e-09,2.8050715663585635e-06,9.297710352003205e-06,0.0004764337722025225,6.732493023298147e-06,0.021633851201886767,0
normalized_vmin0.0001,normalized,0.0001,1.0,9,63,0,3,hedap_accuracy,10,8.142776785092428,0.43689743728623415,2,9.32203313651956e-08,0.0006040370264218664,1.6364199136334493e-08,0.00039808412405750726,1.2138134393277826e-05,0.000695865395040518,0.0003972107773810851,0.29043035455031674,0
normalized_vmin0.0001,normalized,0.0001,1.0,9,127,0,3,hedap_accuracy_maxre_alg,10,13.592757675936445,0.4990621182811556,3,8.514963686897209e-08,0.00042278320343014375,1.1277799223583495e-09,1.3036494143081612e-06,9.242439576472977e-06,0.0005056917913998094,8.811674709008344e-06,0.10432921875813894,0
normalized_vmin0.0001,normalized,0.0001,1.0,9,255,1,1,hedap_speed,10,8.018951043765991,0.26604443357889096,2,1.0273049585692297e-07,0.0002479569899475065,4.085716102625649e-08,9.566243412173492e-05,1.0354343471512252e-05,0.0006182515449871806,0.0005024957783589246,0.2894684601379177,0
normalized_vmin0.0001,normalized,0.0001,1.0,8,63,0,7,hedap_accuracy_maxre_alg,10,31.62397420941852,1.5924057505622256,7,8.681754217952496e-08,0.00030132589216380623,1.1493100053326415e-09,2.1478910822159136e-06,9.235255617479266e-06,0.0005371113689478513,7.972836709502218e-06,0.009261470947559802,0
normalized_vmin0.0001,normalized,0.0001,1.0,8,63,1,3,hedap_speed,10,7.771917816903442,0.3984944375579027,2,1.1172146462007257e-07,0.000678282261513008,5.067503399307269e-08,0.0006314839328522837,1.2866141401206321e-05,0.0008897392436789664,0.0008889838316858967,0.2905708440230158,0
normalized_vmin0.0001,normalized,0.0001,1.0,8,511,0,1,hedap_accuracy,10,11.909566776501014,0.17936015420746335,2,8.602051511200826e-08,0.0003788095478417519,1.1557033793576184e-09,3.6028435133061976e-06,9.204233483698977e-06,0.0006899917004905554,7.607796674857781e-06,0.13190757210860227,0
normalized_vmin0.0001,normalized,0.0001,1.0,7,31,0,6,hedap_accuracy_maxre_alg,10,26.911164582008496,1.9567807497710477,6,8.456659671861686e-08,0.00027037545951880126,1.1455498215704508e-09,3.637384357046969e-06,9.140829388286962e-06,0.0005362030143249985,7.763400738047821e-06,0.048481468310695996,0
normalized_vmin0.0001,normalized,0.0001,1.0,7,63,1,3,hedap_speed,10,8.022119201114402,0.32092497580496104,2,1.0812571408601884e-07,0.0005530561983059235,5.054834187864695e-08,0.0006056507519348608,1.2850216927030508e-05,0.0008974094556023493,0.0007410997301913191,0.2904077879710161,0
normalized_vmin0.0001,normalized,0.0001,1.0,7,127,0,3,hedap_accuracy,10,17.85340278437361,1.1288592441459444,4,8.430021693166624e-08,0.0002277791507137028,1.178628094282796e-09,2.957783721280194e-06,9.111127542918238e-06,0.00048087894990533897,7.445528965144277e-06,0.10344251207644128,0
normalized_vmin0.0001,normalized,0.0001,1.0,6,15,1,7,hedap_accuracy_maxre_alg,10,12.296360874036328,0.6316974658903596,3,1.0273653206976113e-07,0.00022778261943046108,3.6922417346783e-08,0.00014694137162696297,1.0283485800862302e-05,0.0010908464763019765,0.000639314054791118,0.11851447055414577,0
normalized_vmin0.0001,normalized,0.0001,1.0,6,63,1,3,hedap_speed,10,8.32073971889913,0.2849758611589382,2,1.08802607186453e-07,0.0006795341021396117,4.92234959756134e-08,0.00039702843910127683,1.2781182084356936e-05,0.0007999168332862849,0.0007376785250676754,0.2904181087464096,0
normalized_vmin0.0001,normalized,0.0001,1.0,6,511,1,1,hedap_accuracy,10,13.53505057520233,0.3926684384455337,3,1.0516623472879382e-07,0.00034366069888214223,3.7238506837001835e-08,0.0002225455854056868,1.0299644281066534e-05,0.0006457502515504476,0.00046147253457129445,0.13189724819475745,0
normalized_vmin0.0001,normalized,0.0001,1.0,5,15,1,7,hedap_accuracy_maxre_alg,10,12.452282187109812,0.6207009553212764,3,1.0688992945932816e-07,0.00045907019894397827,3.9081360137491566e-08,0.00024304486486537158,1.0187860720659564e-05,0.0004990401313218484,0.0005452720213559026,0.11729053781922671,0
normalized_vmin0.0001,normalized,0.0001,1.0,5,31,1,5,hedap_accuracy,10,12.564957123668865,0.6150619367849492,3,1.0202064812076375e-07,0.0004517390212992467,3.8905081818112734e-08,0.00036010414529585866,1.010052715408228e-05,0.0006735059261189225,0.00037040482794714613,0.17958924422544664,0
normalized_vmin0.0001,normalized,0.0001,1.0,5,63,1,3,hedap_speed,10,8.228423865046352,0.34953435201126704,2,1.1224163500535247e-07,0.0006473778147280118,5.066839645799546e-08,0.00043905446169256734,1.285343490504802e-05,0.0007301592712712912,0.0005927766928786049,0.29032231369117867,0
normalized_vmin0.0001,normalized,0.0001,1.0,4,31,1,5,hedap_accuracy,10,12.601691388059407,0.6214095767787177,3,1.0334040739917062e-07,0.00043343967096931557,3.8245686218437253e-08,0.00011356474955448448,1.029444943878815e-05,0.0005618698149496559,0.000564828252514471,0.17986693326347347,0
normalized_vmin0.0001,normalized,0.0001,1.0,4,127,1,2,hedap_speed,10,9.166624156432226,0.39733194319536547,2,1.0540729877932016e-07,0.0003023203965732968,4.0618218407426636e-08,0.0002082420527789175,1.0434712856011286e-05,0.0006144636897769118,0.0005429047868314996,0.2740349271703384,0
normalized_vmin0.0001,normalized,0.0001,1.0,4,127,1,3,hedap_accuracy_maxre_alg,10,9.591493218531832,0.059840421381333025,2,1.02396682499896e-07,0.00024047979884778137,3.894735289333659e-08,0.00010339802850389823,1.0405530875433734e-05,0.0006050377079676039,0.0004943490361772884,0.10500274610516303,0
normalized_vmin0.001,normalized,0.001,1.0,12,15,0,4,degree_sweep,10,5.454678485402837,0.32448057767303523,1,6.148003031145007e-08,4.2813113830253435e-05,3.2483530217122792e-09,1.9282184072766384e-05,1.3244485373994723e-06,7.79171109726029e-05,1.9112113602726133e-05,0.18553558994462704,0
normalized_vmin0.001,normalized,0.001,1.0,12,31,0,3,degree_sweep|hedap_accuracy,10,5.64284393619746,0.13563092057530432,1,6.025768540946992e-08,4.103717840431287e-05,1.2341551822407506e-09,1.1738281744388956e-06,1.2402703805837788e-06,4.755876763540279e-05,1.304465339857508e-06,0.1527643471993021,0
normalized_vmin0.001,normalized,0.001,1.0,12,63,0,2,degree_sweep|hedap_speed,10,6.015501211723313,0.2920686480709885,1,6.037842752411154e-08,4.963293643589495e-05,1.2088750385867887e-09,9.207835575120171e-07,1.2334725183594179e-06,6.710200424597801e-05,1.176165322136491e-06,0.16069043249006854,0
normalized_vmin0.001,normalized,0.001,1.0,12,63,0,7,pptest_default,10,16.013733039889484,0.671179805965956,3,5.96932478781357e-08,4.484625607559245e-05,8.888314647877496e-10,4.1184783206027475e-07,1.2348546662306017e-06,5.0887472904159736e-05,6.981803208905291e-07,0.0006458083079451393,0
normalized_vmin0.001,normalized,0.001,1.0,12,127,0,1,degree_sweep,10,7.239116323553025,0.27638054500311016,1,6.061372373859831e-08,5.2443771133559025e-05,9.144044308130833e-10,3.9562565423700846e-07,1.23776744751186e-06,5.592485504446465e-05,7.138119427763101e-07,0.17925323113807556,0
normalized_vmin0.001,normalized,0.001,1.0,12,255,0,1,degree_sweep|hedap_accuracy_maxre_alg,10,5.823801912087947,0.3618604115737763,1,6.079869689429807e-08,5.962289998961978e-05,8.920174496472002e-10,4.287759660659418e-07,1.208846498970887e-06,5.540388217450953e-05,7.58327798888736e-07,0.05774454721504774,0
normalized_vmin0.001,normalized,0.001,1.0,12,511,0,1,degree_sweep,10,8.847689396049827,0.2047551833867433,2,6.00978965138437e-08,4.4201332151661e-05,8.932953566815423e-10,3.320610191259732e-07,1.226203939004415e-06,7.425982048436808e-05,5.847285449167572e-07,2288693.7196939397,8821
normalized_vmin0.001,normalized,0.001,1.0,11,63,0,3,hedap_accuracy_maxre_alg,10,5.980542361317203,0.2833715411530564,1,6.051868137819716e-08,4.482387210091865e-05,1.2107150585210991e-09,7.869377638414221e-07,1.2175324359545534e-06,5.8753380549836365e-05,9.461528944765263e-07,0.03675499824619466,0
normalized_vmin0.001,normalized,0.001,1.0,11,127,0,1,hedap_speed,10,4.305407353583723,0.13151980698137053,1,5.985902097956113e-08,4.8256305277716294e-05,9.22161447265593e-10,3.818678195877112e-07,1.2372769487596122e-06,6.123675971503317e-05,8.32589064803102e-07,0.17933025385348444,0
normalized_vmin0.001,normalized,0.001,1.0,11,255,0,1,hedap_accuracy,10,11.043602841207758,0.21497860117548967,2,6.058211658070765e-08,5.5794298870370795e-05,9.050357811619204e-10,4.6200954928465876e-07,1.2279239416573883e-06,4.887141637399672e-05,6.897474835731998e-07,0.05655190122512033,0
normalized_vmin0.001,normalized,0.001,1.0,10,63,0,2,hedap_accuracy|hedap_speed,10,3.150688502145931,0.22160931349569535,1,6.051712729567023e-08,5.5055857668295793e-05,1.208514806280429e-09,6.858943962795294e-07,1.2261585512918345e-06,5.882537472812199e-05,9.346227081152847e-07,0.1606985254745278,0
normalized_vmin0.001,normalized,0.001,1.0,10,63,0,3,hedap_accuracy_maxre_alg,10,7.977252371096983,0.4041355377046693,2,5.973586556076724e-08,3.400224696104015e-05,9.03110414524286e-10,5.174932663498666e-07,1.2176207874519667e-06,6.369632573532957e-05,7.513403440517763e-07,0.03681077253225251,0
normalized_vmin0.001,normalized,0.001,1.0,9,31,0,3,hedap_accuracy,10,7.605389711027965,0.2156381057128101,2,6.107182644948299e-08,5.691810608010606e-05,9.42947837579195e-10,7.50796632087436e-07,1.2237507387993618e-06,6.237086037053086e-05,1.1473541243756102e-06,0.15268864330099186,0
normalized_vmin0.001,normalized,0.001,1.0,9,31,1,3,hedap_speed,10,7.357587231509387,0.35008137815800183,2,7.696428394249363e-08,4.83106984097148e-05,3.211194667083858e-08,2.2276146765198845e-05,1.3567704790911404e-06,5.355789434124958e-05,5.5319202289849656e-05,0.15286134812635643,0
normalized_vmin0.001,normalized,0.001,1.0,9,127,0,9,hedap_accuracy_maxre_alg,10,27.518940250109882,1.8570408432349181,6,5.945784689824333e-08,5.061782040605145e-05,8.972728840954218e-10,4.0399778677979725e-07,1.239988688174363e-06,4.802634293787911e-05,1.2900004187077485e-06,0.0007314456504641242,0
normalized_vmin0.001,normalized,0.001,1.0,8,15,1,4,hedap_speed,10,7.299355121096596,0.31421616309768086,2,7.653502516305114e-08,5.296924810904713e-05,3.362944108626746e-08,3.083224650757277e-05,1.4511491406299777e-06,5.811346748407775e-05,5.495118196152671e-05,0.18542153597282596,0
normalized_vmin0.001,normalized,0.001,1.0,8,63,0,2,hedap_accuracy,10,8.339584321621805,0.14086917623551368,2,6.011532453983994e-08,4.019711969771578e-05,9.060154995127056e-10,3.96837334992739e-07,1.2336890761280971e-06,5.8265238095822625e-05,6.725814888364212e-07,0.16066314904926615,0
normalized_vmin0.001,normalized,0.001,1.0,8,511,0,1,hedap_accuracy_maxre_alg,10,8.868566723912954,0.18703780054868657,2,5.982702232023721e-08,5.849147235736929e-05,9.044002822245791e-10,5.179727255999467e-07,1.234900958690088e-06,5.070843629739752e-05,7.887997743871722e-07,2393634.862648123,9014
normalized_vmin0.001,normalized,0.001,1.0,7,15,1,4,hedap_speed,10,7.459399093734101,0.15258967881134836,2,7.724547183872e-08,6.233179370884745e-05,3.325765023404434e-08,4.167904681595669e-05,1.450478861497538e-06,6.775998675723205e-05,6.524363401028133e-05,0.1854964625215092,0
normalized_vmin0.001,normalized,0.001,1.0,7,31,0,3,hedap_accuracy,10,12.567793462611736,0.602915413127002,3,6.029433121232266e-08,4.9056394173963014e-05,9.198388232327934e-10,9.012988889667284e-07,1.2273177567999884e-06,5.4051977235403115e-05,1.0767488353158328e-06,0.1528268039486862,0
normalized_vmin0.001,normalized,0.001,1.0,7,511,0,1,hedap_accuracy_maxre_alg,10,8.834913880610838,0.1601139455623516,2,6.023283535909249e-08,4.126574211782419e-05,8.955632556110409e-10,4.132670621270762e-07,1.234334811270297e-06,4.6719626080493626e-05,1.121300645556822e-06,3500789.5999437305,8926
normalized_vmin0.001,normalized,0.001,1.0,6,15,1,4,hedap_accuracy|hedap_speed,10,7.366357929073274,0.22408954495483324,2,7.684165140734722e-08,4.296278924775798e-05,3.377540374770875e-08,2.4689304877867357e-05,1.4374113576483127e-06,6.558630103947749e-05,4.802780560153597e-05,0.18547350814457142,0
normalized_vmin0.001,normalized,0.001,1.0,6,255,1,1,hedap_accuracy_maxre_alg,10,7.921663113730029,0.26089154601751624,2,7.563409956809726e-08,4.0238266122871735e-05,3.217902746199774e-08,3.5121061201959236e-05,1.3652787410744637e-06,6.223062270271917e-05,4.4820437655523904e-05,0.057755461613852366,0
normalized_vmin0.001,normalized,0.001,1.0,5,31,1,3,hedap_accuracy|hedap_speed,10,7.477820200705901,0.3415719418172317,2,7.729884183231093e-08,4.716250009173528e-05,3.2073421530466365e-08,2.1474400366594537e-05,1.3552977131775424e-06,5.565446085198378e-05,5.402956260713854e-05,0.1527312784665349,0
normalized_vmin0.001,normalized,0.001,1.0,5,511,1,1,hedap_accuracy_maxre_alg,10,10.490579223213718,0.2413575381448701,3,7.643804406955394e-08,5.100140539560094e-05,3.238497772573301e-08,3.280854024378943e-05,1.3626279539327099e-06,5.649844461330655e-05,6.442506877579746e-05,3239280.536625083,8993
normalized_vmin0.001,normalized,0.001,1.0,4,31,1,3,hedap_accuracy|hedap_speed|hedap_accuracy_maxre_alg,10,7.658082623407244,0.2036311812599639,2,7.53832182497484e-08,3.9818812674230486e-05,3.204754954066329e-08,2.5390639993849717e-05,1.360487193177369e-06,5.009349501605698e-05,4.661001172223678e-05,0.15272401542840652,0
normalized_vmin1e-05,normalized,1e-05,1.0,12,15,0,10,degree_sweep|hedap_accuracy,10,15.684095750749112,0.4831715741971964,3,1.362911275021427e-07,0.00367621867640211,2.2969744097886485e-09,4.42701329551598e-05,7.386240726313208e-05,0.005929168791371842,0.00010555292884739664,0.11511382009979121,0
normalized_vmin1e-05,normalized,1e-05,1.0,12,31,0,8,degree_sweep,10,15.380233796592801,0.7300486919451338,3,1.404196020692227e-07,0.002571137191035522,1.4154068509608522e-09,1.1486493892931549e-05,7.371950310021167e-05,0.005856300470980069,9.942629543968629e-05,0.15370535640171323,0
normalized_vmin1e-05,normalized,1e-05,1.0,12,31,0,11,hedap_accuracy_maxre_alg,10,20.203377080336214,1.2922576709772218,4,1.1965237885602747e-07,0.002092001481094674,1.7076612410493855e-09,3.10476942948501e-05,7.436239413393482e-05,0.006382043551980798,7.235968380003843e-05,0.0674634042165203,0
normalized_vmin1e-05,normalized,1e-05,1.0,12,63,0,6,degree_sweep,10,10.187877154862509,0.74365085695974,2,1.2876341403433717e-07,0.0017675269458636844,3.095650251595675e-09,8.657444967075101e-05,7.391048253398913e-05,0.0060012330327394725,0.00010251529005000926,0.20407494548283567,0
normalized_vmin1e-05,normalized,1e-05,1.0,12,63,0,7,pptest_default,10,15.309103463403881,0.9485243238323793,3,1.3848806155437414e-07,0.0036891735912747414,1.6909402151508583e-09,3.754642622311177e-05,7.443853911246318e-05,0.006126604250813794,8.686531002033426e-05,0.09105240732855036,0
normalized_vmin1e-05,normalized,1e-05,1.0,12,127,0,4,degree_sweep,10,11.499248016159981,0.5685304234272213,2,1.249905081409309e-07,0.002257997193600314,1.3873397644462585e-08,0.0004403864488539133,7.43976514975309e-05,0.006126783906370115,0.00046213473548939454,0.2767623646897561,0
normalized_vmin1e-05,normalized,1e-05,1.0,12,255,0,3,degree_sweep|hedap_speed,10,6.26121858372353,0.25904195520221707,1,1.4230772164108874e-07,0.004585171442294533,2.5598165630624744e-09,5.223765213835385e-05,7.392862914215612e-05,0.005786139470117746,0.00016438497379989148,0.22526479464902482,0
normalized_vmin1e-05,normalized,1e-05,1.0,12,511,0,2,degree_sweep,10,11.928997614048422,0.16212796664064597,2,1.1821999052593889e-07,0.0016402998702735871,2.2162010553387397e-09,3.4896158070729655e-05,7.369927917879506e-05,0.005739688239016383,9.894733256965438e-05,0.22813228040678613,0
normalized_vmin1e-05,normalized,1e-05,1.0,11,127,0,4,hedap_speed,10,9.295824635308236,0.27602968193788807,2,1.1630352606143396e-07,0.0018858444314258094,1.3770189513119456e-08,0.000449012158543316,7.385432093405445e-05,0.005452707397394341,0.000441375233190211,0.28020206267607495,0
normalized_vmin1e-05,normalized,1e-05,1.0,11,255,0,3,hedap_accuracy,10,10.906103616580367,0.6710415080941833,2,1.305175354703453e-07,0.003158641397778439,2.901727758372762e-09,5.410943136441304e-05,7.403195852951239e-05,0.0054666549844810675,0.00011261950392227327,0.2292675524780845,0
normalized_vmin1e-05,normalized,1e-05,1.0,11,255,0,4,hedap_accuracy_maxre_alg,10,15.893943204404787,0.25166267137125975,3,1.4145705103692666e-07,0.005420237295127084,1.6882956821689092e-09,4.9493309908887895e-05,7.403764332468802e-05,0.004539244573607659,9.902249499238458e-05,0.10059803970255687,0
normalized_vmin1e-05,normalized,1e-05,1.0,10,15,0,11,hedap_accuracy_maxre_alg,10,29.675378470122816,1.6930973967048284,6,1.276372439106085e-07,0.0020486926917570036,1.5542398837631685e-09,2.403007867735063e-05,7.253667445804007e-05,0.004600248961347031,7.541867990856765e-05,0.05675878793646505,0
normalized_vmin1e-05,normalized,1e-05,1.0,10,255,1,3,hedap_speed,10,8.074605758301914,0.27958716157728275,2,1.4711194889297675e-07,0.0031266398272723483,4.8195689440141434e-08,0.0007930865758675187,8.226737925447357e-05,0.008549624871026618,0.004428278959208498,0.23082129585008415,0
normalized_vmin1e-05,normalized,1e-05,1.0,10,511,0,1,hedap_accuracy,10,11.69488077373244,0.15278158441210343,2,2.02811994150878e-07,0.0036000469986113837,1.595584112582339e-07,0.001605220458079204,0.00010437371405608829,0.005637220577583313,0.0015643273418779469,0.4095191485298624,0
normalized_vmin1e-05,normalized,1e-05,1.0,9,31,0,10,hedap_accuracy_maxre_alg,10,22.229210548941047,1.046772836032227,5,1.173806775104602e-07,0.001969345757037444,2.349582238150719e-09,3.878272888846457e-05,7.253581749424867e-05,0.004934297787978603,0.00011435791211078516,0.07016338259867005,0
normalized_vmin1e-05,normalized,1e-05,1.0,9,255,1,3,hedap_accuracy|hedap_speed,10,8.276511989254505,0.30542763513633314,2,1.4945450603149093e-07,0.0031073029409594,4.35687061201567e-08,0.0006265062163002266,8.359239940200921e-05,0.005896399871066382,0.0049112228581129624,0.23345324294291703,0
normalized_vmin1e-05,normalized,1e-05,1.0,8,31,0,10,hedap_accuracy_maxre_alg,10,46.354049114044756,2.7256698460804283,10,1.276451227115845e-07,0.0025347525905994317,1.5869585388670622e-09,1.956683716586305e-05,7.33254389183357e-05,0.004431397920796831,8.520773347286958e-05,0.05878497746664946,0
normalized_vmin1e-05,normalized,1e-05,1.0,8,127,0,4,hedap_accuracy,10,23.35491888918914,0.693732756450997,5,1.2921492256169036e-07,0.003290776107667037,1.365093057184115e-08,0.00043621203591082125,7.390788882059122e-05,0.004751909451538028,0.00045131868586612,0.2817881251864769,0
normalized_vmin1e-05,normalized,1e-05,1.0,8,255,1,3,hedap_speed,10,7.999508702894673,0.2653923782159352,2,1.6803462982698324e-07,0.005129442113020355,4.9756872343971284e-08,0.001488113964793758,8.176094365701546e-05,0.005339627909050959,0.004572997267471068,0.23575533964027462,0
normalized_vmin1e-05,normalized,1e-05,1.0,7,15,0,10,hedap_accuracy_maxre_alg,10,43.447368839383124,2.842648726926731,10,1.3165738740720987e-07,0.0034296789854618703,1.6742844212260709e-09,3.9583108398133504e-05,7.495220993636054e-05,0.006075994115314676,0.00010350817824855696,0.11426101556236701,0
normalized_vmin1e-05,normalized,1e-05,1.0,7,127,0,4,hedap_accuracy,10,22.486135391984135,1.1432555145064354,5,1.344704151336014e-07,0.0026862092019439565,1.3851705623392981e-08,0.0004494176203907463,7.50857043020974e-05,0.005134953496150119,0.0004515603435197857,0.2824796488300835,0
normalized_vmin1e-05,normalized,1e-05,1.0,7,255,1,3,hedap_speed,10,8.10180238201283,0.16341121735681355,2,1.5192912196486804e-07,0.0022407269199568036,4.4349207720030216e-08,0.0008060232502478115,8.033001956370277e-05,0.007842596690247783,0.007279948619798748,0.2256006144373457,0
normalized_vmin1e-05,normalized,1e-05,1.0,6,255,1,2,hedap_accuracy|hedap_speed,10,8.066938298288733,0.3848334391269211,2,2.285472235188795e-07,0.00527797963154597,1.754024059201165e-07,0.00416595765084371,0.00012572958694955037,0.0073779032994486515,0.005526049052116289,0.40927765824945395,0
normalized_vmin1e-05,normalized,1e-05,1.0,6,511,1,3,hedap_accuracy_maxre_alg,10,13.885244786553084,0.383300312658188,3,1.6743759969416314e-07,0.003838821081682098,4.493946072779809e-08,0.0005244888635014266,8.193183080415799e-05,0.008042714714408206,0.004137369036723015,0.10746292256662038,0
normalized_vmin1e-05,normalized,1e-05,1.0,5,63,1,6,hedap_accuracy_maxre_alg,10,12.95463595218025,0.31844141733429815,3,1.524810279072738e-07,0.002555624117663413,5.090462200805766e-08,0.0021899259518318726,8.24894650788306e-05,0.005593021585876712,0.0050169088808019735,0.20853752675896842,0
normalized_vmin1e-05,normalized,1e-05,1.0,5,255,1,2,hedap_accuracy|hedap_speed,10,8.11516899256967,0.4279950040210107,2,2.5059117259871236e-07,0.007022295279591417,1.7828491533142474e-07,0.004046365215496062,0.00012490532297380533,0.006840869266262595,0.005246489854873526,0.41010003378014537,0
normalized_vmin1e-05,normalized,1e-05,1.0,4,255,1,3,hedap_accuracy|hedap_speed|hedap_accuracy_maxre_alg,10,8.053802968328819,0.4748410422827216,2,1.5008348996163535e-07,0.002015954177080337,4.599691623669029e-08,0.0012700191282266626,8.036206211368328e-05,0.0075744050694173115,0.004808854207497992,0.2331120244661694,0
